class,name,price,etl_date,brand,model,hz,cut_name
螢幕｜投影機｜壁掛,【主機搭購】BenQ GW2475H(1A2H/5ms/IPS/無喇叭)不閃屏.低藍光.護眼螢幕▼下殺到 3/18 23:59,2488,2024-03-17,BenQ,GW2475H,,BenQ GW2475H
螢幕｜投影機｜壁掛,【主機搭購】BenQ BL2480(Plus) (1A1H1P/5ms/IPS/含喇叭)三介面文書.光智慧護眼 $2988↘,2888,2024-03-17,BenQ,BL2480,,BenQ BL2480
螢幕｜投影機｜壁掛,【主機搭購】BenQ MOBIUZ EX2710S(2H1P/IPS/165Hz/含喇叭/FreeSync Premium/HDR10)$6288↘,5888,2024-03-17,BenQ,MOBIUZ,165Hz,BenQ MOBIUZ EX2710S
螢幕｜投影機｜壁掛,【主機搭購】BenQ MOBIUZ EX2710R(2H1P/1ms/VA曲面/165Hz/含喇叭/FreeSync Premium Pro)保亮點 $8988↘,6688,2024-03-17,BenQ,MOBIUZ,165Hz,BenQ MOBIUZ EX2710R
螢幕｜投影機｜壁掛,【主機搭購】ACER EK241Y E(1A1H/1ms/IPS/100Hz/無喇叭/FreeSync)抗閃系列 $2588↘,2288,2024-03-17,ACER,EK241Y,100Hz,ACER EK241Y E
螢幕｜投影機｜壁掛,【主機搭購】ACER KA270 H(1A1H/1ms/VA/100Hz/含喇叭FreeSync)抗閃系列.窄邊框 $2999↘,2688,2024-03-17,ACER,KA270,100Hz,ACER KA270 H
螢幕｜投影機｜壁掛,【主機搭購】ACER XV272U RV(2H1P/0.5ms/IPS/144Hz/含喇叭/FreeSync Premium/HDR400) $7488↘,6499,2024-03-17,ACER,XV272U,144Hz,ACER XV272U RV
螢幕｜投影機｜壁掛,【主機搭購】AOPEN 16PM1Q B可攜式顯示器(15.6吋)(1920*1080 IPS)(4ms/USB-C/Mini HDMI)HDR10 $2990↘,2700,2024-03-17,AOPEN,16PM1Q,,AOPEN 16PM1Q B
螢幕｜投影機｜壁掛,【主機搭購】AOPEN 24CV1Y H(1A1H/1ms/VA/100Hz/無喇叭/FreeSync)低藍光.不閃屏 $2188↘,2050,2024-03-17,AOPEN,24CV1Y,100Hz,AOPEN 24CV1Y H
螢幕｜投影機｜壁掛,【主機搭購】AOC 24B2H2(2H/4ms/IPS/100Hz/無喇叭/Adaptive-Sync)抗閃機種 $2380↘,2280,2024-03-17,AOC,24B2H2,100Hz,AOC 24B2H2
螢幕｜投影機｜壁掛,【主機搭購】PHILIPS 221V8A(1A1H/4ms/VA/含喇叭/Adaptive-Sync)低藍光.無閃爍 $2088↘,1988,2024-03-17,PHILIPS,221V8A,,PHILIPS 221V8A
螢幕｜投影機｜壁掛,【主機搭購】PHILIPS 242E1GSJ(1H1P/1ms/VA/144Hz/無喇叭/FreeSync Premium)高CP值 $3088↘,2850,2024-03-17,PHILIPS,242E1GSJ,144Hz,PHILIPS 242E1GSJ
螢幕｜投影機｜壁掛,【主機搭購】PHILIPS Evnia 27M1N3200Z(2H1P/1ms/IPS/165Hz/無喇叭/FreeSync Premium)【活動贈】$3888↘,3680,2024-03-17,PHILIPS,Evnia,165Hz,PHILIPS Evnia 27M1N3200Z
螢幕｜投影機｜壁掛,【主機搭購】PHILIPS Evnia 27M1N5500Z4(2H2P/1ms/IPS/170Hz/無喇叭/FreeSync Premium/HDR400)【活動贈】 $5988↘,5680,2024-03-17,PHILIPS,Evnia,170Hz,PHILIPS Evnia 27M1N5500Z4
螢幕｜投影機｜壁掛,【主機搭購】MSI PRO MP161 E2 商務隨身螢幕(15.6吋)(1920*1080 IPS)(800:1)(USB-C) $4990↘,3990,2024-03-17,MSI,PRO,,MSI PRO MP161 E2
螢幕｜投影機｜壁掛,【主機搭購】MSI PRO MP2412(1H1P/1ms/VA/100Hz/無喇叭)抗閃機種.低藍光.防眩光 $2688↘,2488,2024-03-17,MSI,PRO,100Hz,MSI PRO MP2412
螢幕｜投影機｜壁掛,【主機搭購】MSI PRO MP251(1A1H/1ms/IPS/100Hz/含喇叭)抗閃機種.護眼提醒設計 $2988↘,2788,2024-03-17,MSI,PRO,100Hz,MSI PRO MP251
螢幕｜投影機｜壁掛,【主機搭購】MSI MP275(1A1H/1ms/IPS/100Hz/含喇叭)抗閃系列 $3288↘,2988,2024-03-17,MSI,MP275,100Hz,MSI MP275
螢幕｜投影機｜壁掛,【主機搭購】ViewSonic VX2479-HD-PRO(2H1P/1ms/IPS/165Hz/無喇叭/Adaptive-Sync)保亮點$3788↘,3250,2024-03-17,ViewSonic,VX2479,165Hz,ViewSonic VX2479-HD-PRO
螢幕｜投影機｜壁掛,【主機搭購】ViewSonic VX2718-PC-MHD(2H1P/1ms/VA曲面/165Hz/含喇叭/FreeSync) 保亮點$4588↘,3888,2024-03-17,ViewSonic,VX2718,165Hz,ViewSonic VX2718-PC-MHD
螢幕｜投影機｜壁掛,【主機搭購】華碩 VY229Q(1H1P/1ms/IPS/含喇叭/Adaptive-Sync)低藍光.不閃屏 $2788↘,2688,2024-03-17,華碩,VY229Q,,華碩 VY229Q
螢幕｜投影機｜壁掛,華碩 VB178N(1A1D/5ms/TN/無喇叭/1280*1024/5:4),1488,2024-03-17,華碩,VB178N,,華碩 VB178N
螢幕｜投影機｜壁掛,DELL P1917S(1A1H1P/6ms/IPS/無喇叭/1280*1024/5:4) 四年保,4990,2024-03-17,DELL,P1917S,,DELL P1917S
螢幕｜投影機｜壁掛,AOPEN 20E0Q(1A1H/6ms/TN/無喇叭)低藍光.不閃爍,1888,2024-03-17,AOPEN,20E0Q,,AOPEN 20E0Q
螢幕｜投影機｜壁掛,華碩 VS207DF(1A/5ms/TN/無喇叭) Splendid 影像智慧技術,2250,2024-03-17,華碩,VS207DF,,華碩 VS207DF
螢幕｜投影機｜壁掛,華碩 VC209T(1A1D/5ms/IPS/含喇叭/1440*900 16:10)低藍光.不閃爍【少量】,2980,2024-03-17,華碩,VC209T,,華碩 VC209T
螢幕｜投影機｜壁掛,ACER KA220Q H(1A1H/1ms/VA/100Hz/含喇叭/FreeSync)抗閃系列.護眼▼下殺到 3/31 23:59,1999,2024-03-17,ACER,KA220Q,100Hz,ACER KA220Q H
螢幕｜投影機｜壁掛,ACER KA222Q B(1A1H/1ms/VA/無喇叭)低藍光.不閃屏 *尾盤 【活動↓↓↓】,1999,2024-03-17,ACER,KA222Q,,ACER KA222Q B
螢幕｜投影機｜壁掛,ACER KA222Q H(1A1H/1ms/VA/100Hz/含喇叭/FreeSync)抗閃系列.護眼,2288,2024-03-17,ACER,KA222Q,100Hz,ACER KA222Q H
螢幕｜投影機｜壁掛,ACER EK220Q E3(1A1H/1ms/IPS/100Hz/無喇叭/FreeSync)抗閃系列,1999,2024-03-17,ACER,EK220Q,100Hz,ACER EK220Q E3
螢幕｜投影機｜壁掛,ACER UT222Q(1A1H1P/5ms/IPS/含喇叭/FreeSync)十點觸控,7499,2024-03-17,ACER,UT222Q,,ACER UT222Q
螢幕｜投影機｜壁掛,PHILIPS 221V8A(1A1H/4ms/VA/含喇叭/Adaptive-Sync)低藍光.無閃爍【優惠洽門市】,2088,2024-03-17,PHILIPS,221V8A,,PHILIPS 221V8A
螢幕｜投影機｜壁掛,PHILIPS 221V8LB(1A1H/4ms/VA/100Hz/無喇叭/Adaptive-Sync)抗閃.護眼,2188,2024-03-17,PHILIPS,221V8LB,100Hz,PHILIPS 221V8LB
螢幕｜投影機｜壁掛,AOC 22B2HM2(1A1H/4ms/VA/100Hz/無喇叭/Adaptive-Sync)淨藍光.不閃屏,1990,2024-03-17,AOC,22B2HM2,100Hz,AOC 22B2HM2
螢幕｜投影機｜壁掛,AOPEN 22CV1Q H3(1A1H/1ms/VA/100Hz/無喇叭)淨藍光不閃屏,1899,2024-03-17,AOPEN,22CV1Q,100Hz,AOPEN 22CV1Q H3
螢幕｜投影機｜壁掛,AOPEN 22CL1Q E3(1A1H/1ms/IPS/100Hz/無喇叭/FreeSync),1899,2024-03-17,AOPEN,22CL1Q,100Hz,AOPEN 22CL1Q E3
螢幕｜投影機｜壁掛,AOPEN 22SA2Q H(1A1H/1ms/VA/100Hz/無喇叭/FreeSync)濾藍光.超薄機身,2088,2024-03-17,AOPEN,22SA2Q,100Hz,AOPEN 22SA2Q H
螢幕｜投影機｜壁掛,MSI PRO MP223(1A1H/1ms/VA/100Hz/無喇叭)抗閃機種.低藍光,2220,2024-03-17,MSI,PRO,100Hz,MSI PRO MP223
螢幕｜投影機｜壁掛,terra 2227WHA(1H1P/6.5ms/VA/含喇叭)抗藍光.不閃屏.高度調整 *尾盤,2899,2024-03-17,terra,2227WHA,,terra 2227WHA
螢幕｜投影機｜壁掛,ViewSonic VA2215-H(1A1H/5ms/VA/無喇叭)低藍光.不閃頻,2411,2024-03-17,ViewSonic,VA2215,,ViewSonic VA2215-H
螢幕｜投影機｜壁掛,DELL SE2222H(1A1H/8ms/VA/無喇叭)低藍光.入門熱銷機種.四年保,2788,2024-03-17,DELL,SE2222H,,DELL SE2222H
螢幕｜投影機｜壁掛,華碩 VY229HE(1A1H/1ms/IPS/無喇叭/Adaptive-Syn)護眼.抗菌,2380,2024-03-17,華碩,VY229HE,,華碩 VY229HE
螢幕｜投影機｜壁掛,華碩 VY229Q(1H1P/1ms/IPS/含喇叭/Adaptive-Sync)低藍光.不閃屏.休息提醒.抗菌【優惠洽門市】,2788,2024-03-17,華碩,VY229Q,,華碩 VY229Q
螢幕｜投影機｜壁掛,華碩 VP228HE(1A1H/1ms/TN/含喇叭)低藍光.無閃爍,2480,2024-03-17,華碩,VP228HE,,華碩 VP228HE
螢幕｜投影機｜壁掛,Lenovo D24-40(1A1H/4ms/VA無喇叭/FreeSync)低藍光.護眼,2488,2024-03-17,Lenovo,D24,,Lenovo D24-40
螢幕｜投影機｜壁掛,ACER BR247Y E3(1A1H1P/4ms/IPS/100Hz/含喇叭/FreeSync)抗閃系列.商用無反射機種,4288,2024-03-17,ACER,BR247Y,100Hz,ACER BR247Y E3
螢幕｜投影機｜壁掛,ACER EK241Y E(1A1H/1ms/IPS/100Hz/無喇叭/FreeSync)抗閃系列【優惠洽門市】,2588,2024-03-17,ACER,EK241Y,100Hz,ACER EK241Y E
螢幕｜投影機｜壁掛,ACER QG240Y H3(1A1H/4ms/VA/100Hz/無喇叭/FreeSync/HDR10)抗閃系列【少量】,2588,2024-03-17,ACER,QG240Y,100Hz,ACER QG240Y H3
螢幕｜投影機｜壁掛,ACER QG240Y S3(1H1P/1ms/VA/180Hz/無喇叭/FreeSync Premium)原生180Hz電競【少量】,3188,2024-03-17,ACER,QG240Y,180Hz,ACER QG240Y S3
螢幕｜投影機｜壁掛,ACER SA241Y H(1A1H/1ms/VA/100Hz/含喇叭/FreeSync)抗閃系列.護眼【少量】,2999,2024-03-17,ACER,SA241Y,100Hz,ACER SA241Y H
螢幕｜投影機｜壁掛,ACER SB242Y E(1A1H/1ms/IPS/100Hz/含喇叭/FreeSync)抗閃系列,3288,2024-03-17,ACER,SB242Y,100Hz,ACER SB242Y E
螢幕｜投影機｜壁掛,ACER KA240Y H(1A1H/1ms/VA/100Hz/含喇叭/FreeSync)抗閃系列.護眼,2588,2024-03-17,ACER,KA240Y,100Hz,ACER KA240Y H
螢幕｜投影機｜壁掛,ACER KA242Y E(bmix)(1A1H/1ms/IPS/100Hz/含喇叭/FreeSync)抗閃系列.VGA+HDMI,2388,2024-03-17,ACER,KA242Y,100Hz,ACER KA242Y E
螢幕｜投影機｜壁掛,ACER KB242Y H(1A1H/1ms/VA/100Hz/含喇叭/FreeSync)抗閃系列.護眼,2488,2024-03-17,ACER,KB242Y,100Hz,ACER KB242Y H
螢幕｜投影機｜壁掛,ACER ED240Q H(1A1H/1ms/VA曲面/100Hz/無喇叭/FreeSync Premium)抗閃系列,2688,2024-03-17,ACER,ED240Q,100Hz,ACER ED240Q H
螢幕｜投影機｜壁掛,ACER ED240Q S3(2H1P/1ms/VA曲面/180Hz/含喇叭/FreeSync Premium/HDR10)【少量】,3588,2024-03-17,ACER,ED240Q,180Hz,ACER ED240Q S3
螢幕｜投影機｜壁掛,ACER EI242QR M(2H1P/1ms/VA曲面/170Hz/無喇叭/FreeSync Premium)高刷新曲面螢幕,3588,2024-03-17,ACER,EI242QR,170Hz,ACER EI242QR M
螢幕｜投影機｜壁掛,ACER CB241Y(1H1C/1ms/IPS/含喇叭/FreeSync) 窄邊框螢幕 *尾盤,3999,2024-03-17,ACER,CB241Y,,ACER CB241Y
螢幕｜投影機｜壁掛,ACER VG240Y E(1A2H/1ms/IPS/100Hz/含喇叭/FreeSync) 抗閃系列,3188,2024-03-17,ACER,VG240Y,100Hz,ACER VG240Y E
螢幕｜投影機｜壁掛,ACER VG240Y S3(2H1P/1ms/VA/180Hz/含喇叭/FreeSync Premium)原生180Hz電競,3380,2024-03-17,ACER,VG240Y,180Hz,ACER VG240Y S3
螢幕｜投影機｜壁掛,ACER XV240Y M3(2H1P/0.5ms/IPS/180Hz/含喇叭/FreeSync Premium/HDR10),3688,2024-03-17,ACER,XV240Y,180Hz,ACER XV240Y M3
螢幕｜投影機｜壁掛,ACER XV242 F(2H1P/0.1ms/TN/540Hz/含喇叭/FreeSync Premium/HDR400),14999,2024-03-17,ACER,XV242,540Hz,ACER XV242 F
螢幕｜投影機｜壁掛,BenQ BL2480(Plus) (1A1H1P/5ms/IPS/含喇叭)光智慧護眼螢幕【優惠洽門市】,2980,2024-03-17,BenQ,BL2480,,BenQ BL2480
螢幕｜投影機｜壁掛,BenQ GW2475H(1A2H/5ms/IPS/無喇叭)不閃屏.低藍光.護眼螢幕【優惠洽門市】▼下殺到 3/18 23:59,2588,2024-03-17,BenQ,GW2475H,,BenQ GW2475H
螢幕｜投影機｜壁掛,BenQ GW2480 Plus(1A1H1P/5ms/IPS/含喇叭)獨家光智慧技術.玩色模式,2980,2024-03-17,BenQ,GW2480,,BenQ GW2480 Plus
螢幕｜投影機｜壁掛,BenQ GW2485TC(1H1P1C/5ms/IPS/含喇叭)光智慧護眼.升降.旋轉.降噪麥克風.USB-C 60W【少量】,4988,2024-03-17,BenQ,GW2485TC,,BenQ GW2485TC
螢幕｜投影機｜壁掛,BenQ GW2490(2H1P/5ms/IPS/100Hz/含喇叭)光智慧2.0技術.Coding模式.電子紙模式,3388,2024-03-17,BenQ,GW2490,100Hz,BenQ GW2490
螢幕｜投影機｜壁掛,ZOWIE XL2411K(3H1P/1ms/TN/144Hz/無喇叭)專業電競螢幕【限量】,6990,2024-03-17,ZOWIE,XL2411K,144Hz,ZOWIE XL2411K
螢幕｜投影機｜壁掛,PHILIPS 241V8LB(1A1H/4ms/VA/100Hz/無喇叭/Adaptive-Sync)抗閃系列.低藍光,2488,2024-03-17,PHILIPS,241V8LB,100Hz,PHILIPS 241V8LB
螢幕｜投影機｜壁掛,PHILIPS 241V8B(1A1H/4ms/IPS/100Hz/無喇叭/Adaptive-Sync)抗閃系列.低藍光,2580,2024-03-17,PHILIPS,241V8B,100Hz,PHILIPS 241V8B
螢幕｜投影機｜壁掛,PHILIPS 241V8LAB(1A1H/4ms/VA/100Hz/含喇叭/Adaptive-Sync)抗閃系列.低藍光,2988,2024-03-17,PHILIPS,241V8LAB,100Hz,PHILIPS 241V8LAB
螢幕｜投影機｜壁掛,PHILIPS 242E1GSJ(1H1P/1ms/VA/144Hz/無喇叭/FreeSync Premium)【優惠洽門市】,2988,2024-03-17,PHILIPS,242E1GSJ,144Hz,PHILIPS 242E1GSJ
螢幕｜投影機｜壁掛,PHILIPS 242E2FA(1A1H1P/1ms/IPS/含喇叭/FreeSync)四邊無框.不閃爍 *尾盤,2788,2024-03-17,PHILIPS,242E2FA,,PHILIPS 242E2FA
螢幕｜投影機｜壁掛,【任搭】PHILIPS 242E2FA(1A1H1P/1ms/IPS/含喇叭/FreeSync)四邊無框.不閃爍 *尾盤,2688,2024-03-17,PHILIPS,242E2FA,,PHILIPS 242E2FA
螢幕｜投影機｜壁掛,AOC 24B2H2(2H/4ms/IPS/100Hz/無喇叭/Adaptive-Sync)抗閃機種【優惠洽門市】,2380,2024-03-17,AOC,24B2H2,100Hz,AOC 24B2H2
螢幕｜投影機｜壁掛,AOC 24B1XH2(1A1H/4ms/IPS/100Hz/無喇叭/Adaptive-Sync)抗閃機種【少量】,2499,2024-03-17,AOC,24B1XH2,100Hz,AOC 24B1XH2
螢幕｜投影機｜壁掛,AOC 24B2HM2(1A1H/4ms/VA/100Hz/無喇叭/Adaptive-Sync)淨藍光.不閃屏,2290,2024-03-17,AOC,24B2HM2,100Hz,AOC 24B2HM2
螢幕｜投影機｜壁掛,AOC 24B30HM2(1A1H/1ms/VA/100Hz/無喇叭/Adaptive-Sync)淨藍光.抗閃,2599,2024-03-17,AOC,24B30HM2,100Hz,AOC 24B30HM2
螢幕｜投影機｜壁掛,AOC 24G4(2H1P/1ms/IPS/180Hz/無喇叭/Adaptive-Sync)可翻轉.電競顯示器,3599,2024-03-17,AOC,24G4,180Hz,AOC 24G4
螢幕｜投影機｜壁掛,AOPEN 24CV1Y H(1A1H/1ms/VA/100Hz/無喇叭/FreeSync)低藍光.不閃屏【優惠洽門市】,2188,2024-03-17,AOPEN,24CV1Y,100Hz,AOPEN 24CV1Y H
螢幕｜投影機｜壁掛,AOPEN 24CL1Y E(1A1H/1ms/IPS/100Hz/無喇叭/FreeSync)抗閃系列,2288,2024-03-17,AOPEN,24CL1Y,100Hz,AOPEN 24CL1Y E
螢幕｜投影機｜壁掛,AOPEN 24HC5QR S3(2H1P/1ms/VA曲面/180Hz/含喇叭/FreeSync Premium),3588,2024-03-17,AOPEN,24HC5QR,180Hz,AOPEN 24HC5QR S3
螢幕｜投影機｜壁掛,AOPEN 24VT0Y(1A1H/4ms/IPS/含喇叭/AdaptiveSync)10點觸控,7280,2024-03-17,AOPEN,24VT0Y,,AOPEN 24VT0Y
螢幕｜投影機｜壁掛,DELL SE2422H(1A1H/5ms/VA/無喇叭/FreeSync) 低藍光.入門熱銷機種.四年保,3080,2024-03-17,DELL,SE2422H,,DELL SE2422H
螢幕｜投影機｜壁掛,DELL U2422H(1H1P/5ms/IPS/無喇叭)可旋轉.傾斜.高低調整.保無亮點.白銀色.四年保,6488,2024-03-17,DELL,U2422H,,DELL U2422H
螢幕｜投影機｜壁掛,DELL U2424H(1H2P1C/5ms/IPS/120Hz/無喇叭)保亮點.可翻轉.傾斜.左右旋轉.四年保【活動贈】,8988,2024-03-17,DELL,U2424H,120Hz,DELL U2424H
螢幕｜投影機｜壁掛,DELL U2424HE(1H2P1C/5ms/IPS/120Hz/無喇叭)RJ45.可翻轉.左右旋轉.保亮點.四年保,10988,2024-03-17,DELL,U2424HE,120Hz,DELL U2424HE
螢幕｜投影機｜壁掛,DELL P2422H(1A1H1P/5ms/IPS/無喇叭)保無亮點.可傾斜.左右旋轉.四年保,5688,2024-03-17,DELL,P2422H,,DELL P2422H
螢幕｜投影機｜壁掛,DELL P2422HE(1H1P1C/5ms/IPS/無喇叭)保無亮點.可傾斜.左右旋轉.四年保【活動贈】,6988,2024-03-17,DELL,P2422HE,,DELL P2422HE
螢幕｜投影機｜壁掛,【任搭】DELL P2422HE(1H1P1C/5ms/IPS/無喇叭)保無亮點.可傾斜.左右旋轉.四年保【活動贈】,6688,2024-03-17,DELL,P2422HE,,DELL P2422HE
螢幕｜投影機｜壁掛,DELL P2423(1A1D1H1P/5ms/IPS/無喇叭)保無亮點.可高低旋轉.四年保,5888,2024-03-17,DELL,P2423,,DELL P2423
螢幕｜投影機｜壁掛,DELL P2424HT(1H1P1C/5ms/IPS/含喇叭)保亮點.觸控顯示器.摺疊式底座,12800,2024-03-17,DELL,P2424HT,,DELL P2424HT
螢幕｜投影機｜壁掛,LG 24MP400-B(1A1H/5ms/IPS/無喇叭/FreeSync)護眼電競螢幕,2280,2024-03-17,LG,24MP400,,LG 24MP400-B
螢幕｜投影機｜壁掛,MSI PRO MP2412(1H1P/1ms/VA/100Hz/無喇叭)抗閃機種.低藍光.防眩光【優惠洽門市】,2688,2024-03-17,MSI,PRO,100Hz,MSI PRO MP2412
螢幕｜投影機｜壁掛,MSI PRO MP242C(1A1H/5ms/VA曲面/含喇叭)防閃屏技術.低藍光,3488,2024-03-17,MSI,PRO,,MSI PRO MP242C
螢幕｜投影機｜壁掛,MSI PRO MP242A(1A1H1P/1ms/IPS/100Hz/含喇叭)抗閃機種.護眼機種,3288,2024-03-17,MSI,PRO,100Hz,MSI PRO MP242A
螢幕｜投影機｜壁掛,MSI PRO MP242AP(1A1H1P/1ms/IPS/100Hz/含喇叭)抗閃機種.可昇降.翻轉,3488,2024-03-17,MSI,PRO,100Hz,MSI PRO MP242AP
螢幕｜投影機｜壁掛,MSI PRO MP243X(1H1P/5ms/IPS/100Hz/含喇叭)低藍光.抗閃機種▼下殺到 3/31 23:59,2788,2024-03-17,MSI,PRO,100Hz,MSI PRO MP243X
螢幕｜投影機｜壁掛,MSI PRO MP243XP(1H1P/5ms/IPS/100Hz/含喇叭)低藍光.可翻轉.抗閃機種,3488,2024-03-17,MSI,PRO,100Hz,MSI PRO MP243XP
螢幕｜投影機｜壁掛,MSI Modern MD2412PW(1H1C/1ms/IPS/100Hz/含喇叭)抗閃.可調整高低.旋轉.白色,3788,2024-03-17,MSI,Modern,100Hz,MSI Modern MD2412PW
螢幕｜投影機｜壁掛,MSI G2412V(1H1P/1ms/IPS/100Hz/無喇叭/FreeSync)抗閃機種,2788,2024-03-17,MSI,G2412V,100Hz,MSI G2412V
螢幕｜投影機｜壁掛,MSI G245CV(1H1P/1ms/VA曲面/100Hz/無喇叭/Adaptive-Sync) 缺!!!無痛升級 G24C4 E2,3290,2024-03-17,MSI,G245CV,100Hz,MSI G245CV
螢幕｜投影機｜壁掛,MSI G24C4 E2(2H1P/1ms/VA曲面/180Hz/無喇叭/Adaptive-Sync)曲面電競螢幕,3690,2024-03-17,MSI,G24C4,180Hz,MSI G24C4 E2
螢幕｜投影機｜壁掛,MSI G2422C(2H1P/1ms/VA曲面/180Hz/無喇叭/Adaptive-Sync曲面電競,3390,2024-03-17,MSI,G2422C,180Hz,MSI G2422C
螢幕｜投影機｜壁掛,MSI G244F E2(2H1P/1ms/Rapid IPS/180Hz/無喇叭Adaptive-Sync)防閃爍減藍光設計,3990,2024-03-17,MSI,G244F,180Hz,MSI G244F E2
螢幕｜投影機｜壁掛,terra 2427W V2(1H1P1C/8ms/VA/100Hz/含喇叭) 抗藍光.不閃屏,2588,2024-03-17,terra,2427W,100Hz,terra 2427W V2
螢幕｜投影機｜壁掛,terra 2427W HA(1H1P/6ms/VA/含喇叭) 抗藍光.不閃屏.高度調整,3399,2024-03-17,terra,2427W,,terra 2427W HA
螢幕｜投影機｜壁掛,terra 2442W(1A1H/5ms/IPS/100Hz/含喇叭/Adaptive-Sync)抗藍光.不閃屏,2299,2024-03-17,terra,2442W,100Hz,terra 2442W
螢幕｜投影機｜壁掛,terra 2463W(1H1P/5ms/IPS/含喇叭) 德國品質 *尾盤,3999,2024-03-17,terra,2463W,,terra 2463W
螢幕｜投影機｜壁掛,【福利機優惠】terra 2463W(1H1P/5ms/IPS/含喇叭) 德國品質 *尾盤,2799,2024-03-17,terra,2463W,,terra 2463W
螢幕｜投影機｜壁掛,terra 2463W PV(1H1P/5ms/IPS/含喇叭) 可高低調整.德國品質 *尾盤,4999,2024-03-17,terra,2463W,,terra 2463W PV
螢幕｜投影機｜壁掛,【福利機優惠】terra 2463W PV(1H1P/5ms/IPS/含喇叭) 可高低調整.德國品質 *尾盤,3499,2024-03-17,terra,2463W,,terra 2463W PV
螢幕｜投影機｜壁掛,ViewSonic VA2406-H(1A1H/4ms/VA/無喇叭)零閃屏技術.抗藍光技術,2588,2024-03-17,ViewSonic,VA2406,,ViewSonic VA2406-H
螢幕｜投影機｜壁掛,ViewSonic VA2432-H(1A1H/4ms/IPS/100Hz/無喇叭)零閃屏技術.抗藍光技術.薄邊框*尾盤,2880,2024-03-17,ViewSonic,VA2432,100Hz,ViewSonic VA2432-H
螢幕｜投影機｜壁掛,ViewSonic VA2432-H-W(1A1H/1ms/IPS/100Hz/無喇叭)零閃屏技術.抗藍光技術.白色,2988,2024-03-17,ViewSonic,VA2432,100Hz,ViewSonic VA2432-H-W
螢幕｜投影機｜壁掛,ViewSonic VG2448(1A1H1P/5ms/IPS/含喇叭)可傾斜、翻轉、調整高度.保亮點【少量】,4688,2024-03-17,ViewSonic,VG2448,,ViewSonic VG2448
螢幕｜投影機｜壁掛,ViewSonic VX2479-HD-PRO(2H1P/1ms/IPS/165Hz/無喇叭/Adaptive-Sync)保亮點【優惠洽門市】,3788,2024-03-17,ViewSonic,VX2479,165Hz,ViewSonic VX2479-HD-PRO
螢幕｜投影機｜壁掛,ViewSonic VX2428(2H1P/0.5ms/IPS/180Hz/含喇叭/FreeSync Premium),3588,2024-03-17,ViewSonic,VX2428,180Hz,ViewSonic VX2428
螢幕｜投影機｜壁掛,ViewSonic VX2428J(2H1P/0.5ms/IPS/180Hz/含喇叭/FreeSync Premium)可升降.翻轉,4988,2024-03-17,ViewSonic,VX2428J,180Hz,ViewSonic VX2428J
螢幕｜投影機｜壁掛,ViewSonic VX2485-MHU(1A1H1C/5ms/IPS/含喇叭/FreeSync) 保無亮點 *尾盤,4988,2024-03-17,ViewSonic,VX2485,,ViewSonic VX2485-MHU
螢幕｜投影機｜壁掛,ViewSonic VX2476-smhd(1A1H1P/4ms/IPS/含喇叭)無邊框.金屬銀光三角立座.保無亮點,4788,2024-03-17,ViewSonic,VX2476,,ViewSonic VX2476-smhd
螢幕｜投影機｜壁掛,【任搭】ViewSonic VX2476-smhd(1A1H1P/4ms/IPS/含喇叭)無邊框.金屬銀光三角立座.保無亮點,4588,2024-03-17,ViewSonic,VX2476,,ViewSonic VX2476-smhd
螢幕｜投影機｜壁掛,ViewSonic XG2431(2H1P/0.5ms/Fast IPS/240Hz/含喇叭/FreeSync Premium)保無亮點,6988,2024-03-17,ViewSonic,XG2431,240Hz,ViewSonic XG2431
螢幕｜投影機｜壁掛,三星 S24C310EAC(1A1H/5ms/IPS/無喇叭/FreeSync )窄邊框.低藍光.零閃屏,2980,2024-03-17,三星,S24C310EAC,,三星 S24C310EAC
螢幕｜投影機｜壁掛,三星 S24C366EAC(1A1H/4ms/VA曲面/無喇叭/FreeSync)低藍光模式.零閃屏,3290,2024-03-17,三星,S24C366EAC,,三星 S24C366EAC
螢幕｜投影機｜壁掛,EIZO FlexScan EV2460(1A1D1H1P/5ms/IPS/含喇叭)日本製【限量】,11900,2024-03-17,EIZO,FlexScan,,EIZO FlexScan EV2460
螢幕｜投影機｜壁掛,EIZO FlexScan EV2480(1H1P1C/5ms/IPS/含喇叭)日本製.僅附USB-C(訊號線)【限量】,13900,2024-03-17,EIZO,FlexScan,,EIZO FlexScan EV2480
螢幕｜投影機｜壁掛,華碩 VA24EHF(1H/1ms/IPS/100Hz/無喇叭/Adaptive-Sync)抗閃機種.護眼電競顯示器,2640,2024-03-17,華碩,VA24EHF,100Hz,華碩 VA24EHF
螢幕｜投影機｜壁掛,華碩 VA24DQF(1H1P/1ms/IPS/100Hz/含喇叭/Adaptive-Sync)抗閃機種,2900,2024-03-17,華碩,VA24DQF,100Hz,華碩 VA24DQF
螢幕｜投影機｜壁掛,華碩 VA24EHFR(1A1H/1ms/IPS/100Hz/無喇叭/Adaptive-Sync)抗閃機種,2888,2024-03-17,華碩,VA24EHFR,100Hz,華碩 VA24EHFR
螢幕｜投影機｜壁掛,華碩 VZ24EHF(1H/1ms/IPS/100Hz/無喇叭/Adaptive-Sync)抗閃機種,2788,2024-03-17,華碩,VZ24EHF,100Hz,華碩 VZ24EHF
螢幕｜投影機｜壁掛,華碩 VZ249HE(1A1H/5ms/IPS/無喇叭)日晷系列超薄無邊.低藍光.不閃屏,2580,2024-03-17,華碩,VZ249HE,,華碩 VZ249HE
螢幕｜投影機｜壁掛,華碩 VZ249H(1A1H/5ms/IPS/含喇叭)日晷系列超薄無邊框.低藍光.不閃屏-金框,3518,2024-03-17,華碩,VZ249H,,華碩 VZ249H
螢幕｜投影機｜壁掛,華碩 VZ249H-W(白/1A1H/5ms/IPS/含喇叭)日晷系列超薄無邊框.低藍光.不閃屏,3488,2024-03-17,華碩,VZ249H,,華碩 VZ249H-W
螢幕｜投影機｜壁掛,華碩 VU249CFE-B(1H1C/1ms/IPS/100Hz/無喇叭/Adaptive-Sync)USB-C 15W.護眼,3988,2024-03-17,華碩,VU249CFE,100Hz,華碩 VU249CFE-B
螢幕｜投影機｜壁掛,華碩 VU249CFE-M(1H1C/1ms/IPS/100Hz/無喇叭/Adaptive-Sync)USB-C 15W.燕麥奶色,3990,2024-03-17,華碩,VU249CFE,100Hz,華碩 VU249CFE-M
螢幕｜投影機｜壁掛,華碩 VG249Q3A(TUF/2H1P/IPS/180Hz/含喇叭/FreeSync Premium)ELMB 技術,3788,2024-03-17,華碩,VG249Q3A,180Hz,華碩 VG249Q3A
螢幕｜投影機｜壁掛,華碩 VG249QM1A(TUF/2H1P/1ms/Fast IPS/270Hz/含喇叭/Freesync Premium)G-SYNC兼容,5988,2024-03-17,華碩,VG249QM1A,270Hz,華碩 VG249QM1A
螢幕｜投影機｜壁掛,華碩 PA248QV(1A1H1P/5ms/IPS/含喇叭/16:10)專業校色繪圖螢幕.保無亮點,5918,2024-03-17,華碩,PA248QV,,華碩 PA248QV
螢幕｜投影機｜壁掛,華碩 PA247CV(1H2P/5ms/IPS/含喇叭)(Delta E值小於2)人體工學支架.專業繪圖.保無亮點,5950,2024-03-17,華碩,PA247CV,,華碩 PA247CV
螢幕｜投影機｜壁掛,華碩 PG248QP(2H1P/0.2ms/TN/540Hz/無喇叭/HDR400)G-Sync ULMB 2技術【活動贈】,29800,2024-03-17,華碩,PG248QP,540Hz,華碩 PG248QP
螢幕｜投影機｜壁掛,ACER VG240YU E(2H1P/1ms/IPS/100Hz/含喇叭/FreeSync/HDR10),4488,2024-03-17,ACER,VG240YU,100Hz,ACER VG240YU E
螢幕｜投影機｜壁掛,DELL P2423DE(1H1P1C/5ms/IPS/無喇叭)保無亮點.可高低調整.旋轉.傾斜.四年保,10800,2024-03-17,DELL,P2423DE,,DELL P2423DE
螢幕｜投影機｜壁掛,三星 S6 S24A600NAC(1H1P/5ms/IPS/無喇叭/FreeSync/HDR10)可高低調整【少量】,5988,2024-03-17,三星,S6,,三星 S6 S24A600NAC
螢幕｜投影機｜壁掛,華碩 PA24ACRV(1H2P1C/5ms/IPS/含喇叭/HDR400)(Delta E值小於2)人體工學支架,8988,2024-03-17,華碩,PA24ACRV,,華碩 PA24ACRV
螢幕｜投影機｜壁掛,華碩 PA24US(2H1P1C/5ms/IPS/含喇叭/HDR10)人體工學支架.支援12G-SDI連接【客訂】,42900,2024-03-17,華碩,PA24US,,華碩 PA24US
螢幕｜投影機｜壁掛,ACER KA252Q E(1A1H/1ms/IPS/100Hz/無喇叭/FreeSync)抗閃系列,2388,2024-03-17,ACER,KA252Q,100Hz,ACER KA252Q E
螢幕｜投影機｜壁掛,ACER VG252Q M3(2H1P/1ms/IPS/180Hz/含喇叭/FreeSync Premium/HDR400),3999,2024-03-17,ACER,VG252Q,180Hz,ACER VG252Q M3
螢幕｜投影機｜壁掛,BenQ MOBIUZ EX2510S(2H1P/IPS/1ms/165Hz/含喇叭/FreeSync Premium),5788,2024-03-17,BenQ,MOBIUZ,165Hz,BenQ MOBIUZ EX2510S
螢幕｜投影機｜壁掛,ZOWIE XL2540K(3H1P/TN/240Hz/無喇叭)專業電競顯示器【限量】,9900,2024-03-17,ZOWIE,XL2540K,240Hz,ZOWIE XL2540K
螢幕｜投影機｜壁掛,ZOWIE XL2546X(2H1P/TN/240Hz/無喇叭)DyAc 2技術.Setting to share自動切換色彩模式,15900,2024-03-17,ZOWIE,XL2546X,240Hz,ZOWIE XL2546X
螢幕｜投影機｜壁掛,ZOWIE XL2566K(2H1P/TN/360Hz/無喇叭)DyAc+ 動態精準技術【限量】,17900,2024-03-17,ZOWIE,XL2566K,360Hz,ZOWIE XL2566K
螢幕｜投影機｜壁掛,DELL Alienware AW2523HF(2H1P/0.5ms/Fast IPS/360Hz/無喇叭/FreeSync Premium)保亮點.四年保【活動贈】,12888,2024-03-17,DELL,Alienware,360Hz,DELL Alienware AW2523HF
螢幕｜投影機｜壁掛,MSI PRO MP251(1A1H/1ms/IPS/100Hz/含喇叭)抗閃機種.護眼提醒設計【優惠洽門市】,2988,2024-03-17,MSI,PRO,100Hz,MSI PRO MP251
螢幕｜投影機｜壁掛,MSI G255F(2H1P/1ms/Rapid IPS/180Hz/無喇叭/Adaptive-Sync)不閃屏.低藍光,3990,2024-03-17,MSI,G255F,180Hz,MSI G255F
螢幕｜投影機｜壁掛,華碩 VG259QM(TUF/2H1P/1ms/IPS/280Hz/含喇叭/FreeSync/HDR400),6920,2024-03-17,華碩,VG259QM,280Hz,華碩 VG259QM
螢幕｜投影機｜壁掛,BenQ PD2500Q(1H1P1MP/4ms/IPS/含喇叭/2K*1440 16:9)專業設計用▼下殺到 3/18 23:59,5988,2024-03-17,BenQ,PD2500Q,,BenQ PD2500Q
螢幕｜投影機｜壁掛,BenQ PD2506Q(1H1P1C/5ms/IPS/含喇叭/HDR400)可昇降.翻轉.獨家AQCOLOR調教技術【少量】,13788,2024-03-17,BenQ,PD2506Q,,BenQ PD2506Q
螢幕｜投影機｜壁掛,Lenovo D27-40(1A1H/4ms/VA無喇叭/FreeSync)低藍光.護眼 *尾盤,2880,2024-03-17,Lenovo,D27,,Lenovo D27-40
螢幕｜投影機｜壁掛,ACER BR277 E3(1A1H1P/4ms/IPS/100Hz/含喇叭/FreeSync)抗閃系列.商用無反射機種,4999,2024-03-17,ACER,BR277,100Hz,ACER BR277 E3
螢幕｜投影機｜壁掛,ACER EK271 E(1A1H/1ms/IPS/100Hz/無喇叭//FreeSync)抗閃系列,2688,2024-03-17,ACER,EK271,100Hz,ACER EK271 E
螢幕｜投影機｜壁掛,ACER KA270 H(1A1H/1ms/VA/100Hz/含喇叭FreeSync)抗閃系列.窄邊框【優惠洽門市】,2999,2024-03-17,ACER,KA270,100Hz,ACER KA270 H
螢幕｜投影機｜壁掛,ACER KA272 E0(1A1H/1ms/IPS/100Hz/含喇叭//FreeSync)抗閃系列,2988,2024-03-17,ACER,KA272,100Hz,ACER KA272 E0
螢幕｜投影機｜壁掛,ACER K273 E(1A1H/1ms/IPS/100Hz/含喇叭/FreeSync)抗閃系列.窄邊框【少量】,3588,2024-03-17,ACER,K273,100Hz,ACER K273 E
螢幕｜投影機｜壁掛,ACER RS272(1A1H/1ms/IPS/100Hz/含喇叭/FreeSync)抗閃系列.薄邊框【少量】,3488,2024-03-17,ACER,RS272,100Hz,ACER RS272
螢幕｜投影機｜壁掛,ACER R272 H(1A1H/1ms/VA/100Hz/含喇叭/FreeSync)抗閃系列.薄邊框,3999,2024-03-17,ACER,R272,100Hz,ACER R272 H
螢幕｜投影機｜壁掛,ACER SB272 E(1A1H/1ms/IPS/100Hz/FreeSync)不閃屏.低藍光【少量】,3488,2024-03-17,ACER,SB272,100Hz,ACER SB272 E
螢幕｜投影機｜壁掛,ACER QG270 S3(1H1P/1ms/VA/180Hz/無喇叭/FreeSync Premium)原生180Hz電競,3788,2024-03-17,ACER,QG270,180Hz,ACER QG270 S3
螢幕｜投影機｜壁掛,ACER VG270 E(1A2H/1ms/IPS/100Hz/含喇叭/FreeSync)抗閃系列.窄邊框【少量】,3288,2024-03-17,ACER,VG270,100Hz,ACER VG270 E
螢幕｜投影機｜壁掛,ACER VG270 S3(2H1P/0.5ms/VA/180Hz/含喇叭/FreeSync Premium)原生180Hz電競【少量】,3888,2024-03-17,ACER,VG270,180Hz,ACER VG270 S3
螢幕｜投影機｜壁掛,ACER CB271(1H1C/1ms/IPS/含喇叭/FreeSync)Delta E值小於1.支援PD 65W,4788,2024-03-17,ACER,CB271,,ACER CB271
螢幕｜投影機｜壁掛,BenQ GW2780 Plus(1A1H1P/5ms/IPS/含喇叭)光智慧螢幕.玩色模式*尾盤,4088,2024-03-17,BenQ,GW2780,,BenQ GW2780 Plus
螢幕｜投影機｜壁掛,【主機搭購】BenQ GW2780 Plus(1A1H1P/5ms/IPS/含喇叭)光智慧螢幕.玩色模式*尾盤,3888,2024-03-17,BenQ,GW2780,,BenQ GW2780 Plus
螢幕｜投影機｜壁掛,BenQ GW2785TC(1H1P1C/5ms/IPS/含喇叭)護眼.升降.旋轉.降噪麥克風.USB-C 60W,5918,2024-03-17,BenQ,GW2785TC,,BenQ GW2785TC
螢幕｜投影機｜壁掛,BenQ GW2790(2H1P/5ms/IPS/100Hz/含喇叭)光智慧2.0技術.Coding模式.電子紙模式,4588,2024-03-17,BenQ,GW2790,100Hz,BenQ GW2790
螢幕｜投影機｜壁掛,BenQ MOBIUZ EX2710S(2H1P/IPS/165Hz/含喇叭/FreeSync Premium/HDR10)【優惠洽門市】,5988,2024-03-17,BenQ,MOBIUZ,165Hz,BenQ MOBIUZ EX2710S
螢幕｜投影機｜壁掛,ZOWIE XL2746K(3H1P/TN/240Hz/無喇叭)DyAc技術.電競顯示器【限量】,17490,2024-03-17,ZOWIE,XL2746K,240Hz,ZOWIE XL2746K
螢幕｜投影機｜壁掛,PHILIPS 271V8LB(1A1H/4ms/VA/100Hz/無喇叭/Adaptive-Sync)抗閃系列.低藍光,2788,2024-03-17,PHILIPS,271V8LB,100Hz,PHILIPS 271V8LB
螢幕｜投影機｜壁掛,PHILIPS 271V8B(1A1H/4ms/IPS/100Hz/無喇叭/Adaptive-Sync)抗閃系列.低藍光,2980,2024-03-17,PHILIPS,271V8B,100Hz,PHILIPS 271V8B
螢幕｜投影機｜壁掛,PHILIPS 271V8LAB(1A1H/4ms/VA/100Hz/含喇叭/Adaptive-Sync)抗閃系列.低藍光,3488,2024-03-17,PHILIPS,271V8LAB,100Hz,PHILIPS 271V8LAB
螢幕｜投影機｜壁掛,PHILIPS Evnia 27M1N3200Z(2H1P/1ms/IPS/165Hz/無喇叭/FreeSync Premium)【優惠洽門市】【活動贈】,3880,2024-03-17,PHILIPS,Evnia,165Hz,PHILIPS Evnia 27M1N3200Z
螢幕｜投影機｜壁掛,AOC 27B2HM2(2H/4ms/VA/100Hz/無喇叭/Adaptive-Sync)抗閃機種.三邊窄邊框,2638,2024-03-17,AOC,27B2HM2,100Hz,AOC 27B2HM2
螢幕｜投影機｜壁掛,AOC 27B1H2(1A1H/4ms/100Hz/IPS/無喇叭)抗閃機種.三邊窄邊框.低藍光.不閃屏,2950,2024-03-17,AOC,27B1H2,100Hz,AOC 27B1H2
螢幕｜投影機｜壁掛,AOC 27G4(2H1P/1ms/IPS/180Hz/無喇叭/Adaptive-Sync)可翻轉.電競顯示器,4899,2024-03-17,AOC,27G4,180Hz,AOC 27G4
螢幕｜投影機｜壁掛,AOPEN 27CL1 E(1A1H/1ms/IPS/100Hz/無喇叭/FreeSync)低藍光.抗閃系列,2688,2024-03-17,AOPEN,27CL1,100Hz,AOPEN 27CL1 E
螢幕｜投影機｜壁掛,AOPEN 27SB2 H(1A1H/1ms/VA/100Hz/含喇叭/FreeSync)抗閃系列,3180,2024-03-17,AOPEN,27SB2,100Hz,AOPEN 27SB2 H
螢幕｜投影機｜壁掛,AOPEN 27KG3 M3(1H1P/1ms/IPS/180Hz/無喇叭/FreeSync Premium) 超薄機身,3788,2024-03-17,AOPEN,27KG3,180Hz,AOPEN 27KG3 M3
螢幕｜投影機｜壁掛,AOPEN 27HC5R(1A2H/1ms/VA曲面/含喇叭/FreeSync) 入門款曲面螢幕,3188,2024-03-17,AOPEN,27HC5R,,AOPEN 27HC5R
螢幕｜投影機｜壁掛,AOPEN 27HC5R S3(2H1P/1ms/VA/180Hz/含喇叭//FreeSync Premium)【少量】,3999,2024-03-17,AOPEN,27HC5R,180Hz,AOPEN 27HC5R S3
螢幕｜投影機｜壁掛,AOPEN 27HC5R X(2H1P/1ms/VA曲面/240Hz/含喇叭/FreeSync),4288,2024-03-17,AOPEN,27HC5R,240Hz,AOPEN 27HC5R X
螢幕｜投影機｜壁掛,DELL SE2722H(1A1H/4ms/VA/無喇叭/FreeSync)低藍光.入門熱銷機種.四年保,3788,2024-03-17,DELL,SE2722H,,DELL SE2722H
螢幕｜投影機｜壁掛,DELL P2722H(1A1H1P/5ms/IPS/無喇叭)保亮點.可傾斜.左右旋轉.四年保,7988,2024-03-17,DELL,P2722H,,DELL P2722H
螢幕｜投影機｜壁掛,DELL P2722HE(1H1P1C/5ms/IPS/無喇叭)保亮點.可傾斜.左右旋轉 *尾盤,8888,2024-03-17,DELL,P2722HE,,DELL P2722HE
螢幕｜投影機｜壁掛,LG 27MQ400-B(1A1H/5ms/IPS/無喇叭/FreeSync)護眼電競螢幕,3288,2024-03-17,LG,27MQ400,,LG 27MQ400-B
螢幕｜投影機｜壁掛,MSI PRO MP271A(1A1H1P/1ms/IPS/100Hz/含喇叭)低藍光.抗閃系列 *尾盤,3388,2024-03-17,MSI,PRO,100Hz,MSI PRO MP271A
螢幕｜投影機｜壁掛,MSI PRO MP273A(1A1H1P/1ms/IPS/100Hz/含喇叭)低藍光.抗閃系列▼下殺到 3/24 23:59,3388,2024-03-17,MSI,PRO,100Hz,MSI PRO MP273A
螢幕｜投影機｜壁掛,MSI PRO MP273AP(1A1H1P/1ms/IPS/100Hz/含喇叭)抗閃系列.可昇降.翻轉,3990,2024-03-17,MSI,PRO,100Hz,MSI PRO MP273AP
螢幕｜投影機｜壁掛,MSI MP275(1A1H/1ms/IPS/100Hz/含喇叭)抗閃系列【優惠洽門市】,3288,2024-03-17,MSI,MP275,100Hz,MSI MP275
螢幕｜投影機｜壁掛,MSI MP275P(1A1H/1ms/IPS/100Hz/含喇叭)抗閃系列.可昇降.翻轉,3688,2024-03-17,MSI,MP275P,100Hz,MSI MP275P
螢幕｜投影機｜壁掛,MSI Modern MD272P(1H1P1C/5ms/IPS/含喇叭) 美型.可調整高低.旋轉 *尾盤,3988,2024-03-17,MSI,Modern,,MSI Modern MD272P
螢幕｜投影機｜壁掛,【任搭】MSI Modern MD272P(1H1P1C/5ms/IPS/含喇叭) 美型.可調整高低.旋轉 *尾盤,3850,2024-03-17,MSI,Modern,,MSI Modern MD272P
螢幕｜投影機｜壁掛,MSI Modern MD272XP(1H1P1C/1ms/IPS/100Hz/含喇叭)抗閃機種,4388,2024-03-17,MSI,Modern,100Hz,MSI Modern MD272XP
螢幕｜投影機｜壁掛,MSI Modern MD272XPW(1H1P1C/1ms/IPS/100Hz/含喇叭)抗閃機種 .白色,4388,2024-03-17,MSI,Modern,100Hz,MSI Modern MD272XPW
螢幕｜投影機｜壁掛,MSI G2712V(1H1P/1ms/IPS/100Hz/無喇叭/Adaptive-Sync)抗閃機種 *尾盤,4299,2024-03-17,MSI,G2712V,100Hz,MSI G2712V
螢幕｜投影機｜壁掛,MSI G2712F(2H1P/1ms/Ultra Rapid IPS/180Hz/無喇叭/Adaptive-Sync)電競螢幕,4390,2024-03-17,MSI,G2712F,180Hz,MSI G2712F
螢幕｜投影機｜壁掛,MSI G274F(2H1P/1ms/Rapid IPS/180Hz/無喇叭/G-SYNC兼容),4980,2024-03-17,MSI,G274F,180Hz,MSI G274F
螢幕｜投影機｜壁掛,MSI G27C4X(2H1P/1ms/VA曲面/250Hz/無喇叭/FreeSync Premium)電競曲面螢幕,5290,2024-03-17,MSI,G27C4X,250Hz,MSI G27C4X
螢幕｜投影機｜壁掛,terra 2727W(1H1P/6.5ms/VA/含喇叭)不閃屏.抗藍光 *尾盤,2888,2024-03-17,terra,2727W,,terra 2727W
螢幕｜投影機｜壁掛,terra 2742W(1A1H/5ms/IPS/100Hz/含喇叭/Adaptive-Sync)不閃屏.抗藍光,2988,2024-03-17,terra,2742W,100Hz,terra 2742W
螢幕｜投影機｜壁掛,terra 2727W HA(1H1P/6.5ms/VA/含喇叭)不閃屏.抗藍光.高度調整.左右旋轉.前後傾斜*尾盤,3988,2024-03-17,terra,2727W,,terra 2727W HA
螢幕｜投影機｜壁掛,【任搭價】terra 2727W HA(1H1P/6.5ms/VA/含喇叭)不閃屏.抗藍光.高度調整.左右旋轉.前後傾斜*尾盤,3788,2024-03-17,terra,2727W,,terra 2727W HA
螢幕｜投影機｜壁掛,terra 2748W V2(1H1P/5ms/IPS/含喇叭)硬體低藍光.不閃屏.廣色域,3288,2024-03-17,terra,2748W,,terra 2748W V2
螢幕｜投影機｜壁掛,terra 2763W PV(1H1P/5ms/IPS/含喇叭)可高低調整.德國品質 *尾盤,5999,2024-03-17,terra,2763W,,terra 2763W PV
螢幕｜投影機｜壁掛,【福利機優惠】terra 2763W PV(1H1P/5ms/IPS/含喇叭)可高低調整.德國品質 *尾盤,4199,2024-03-17,terra,2763W,,terra 2763W PV
螢幕｜投影機｜壁掛,ViewSonic VA2732-h(1A1H/4ms/IPS/無喇叭) 抗藍光.零閃屏,3270,2024-03-17,ViewSonic,VA2732,,ViewSonic VA2732-h
螢幕｜投影機｜壁掛,ViewSonic VX2718-P-mhd(2H1P/1ms/VA/165Hz/含喇叭/FreeSync)保亮點,3788,2024-03-17,ViewSonic,VX2718,165Hz,ViewSonic VX2718-P-mhd
螢幕｜投影機｜壁掛,ViewSonic VX2718-PC-MHD(2H1P/1ms/VA曲面/165Hz/含喇叭/FreeSync)保亮點,4688,2024-03-17,ViewSonic,VX2718,165Hz,ViewSonic VX2718-PC-MHD
螢幕｜投影機｜壁掛,ViewSonic VX2779-HD-PRO(2H1P/1ms/IPS/180Hz/無喇叭/Adaptive-Sync)保亮點,3888,2024-03-17,ViewSonic,VX2779,180Hz,ViewSonic VX2779-HD-PRO
螢幕｜投影機｜壁掛,ViewSonic VX2776-SH(1A2H/4ms/IPS/無喇叭)時尚無邊框.保亮點,4388,2024-03-17,ViewSonic,VX2776,,ViewSonic VX2776-SH
螢幕｜投影機｜壁掛,ViewSonic VX2728(2H1P/0.5ms/IPS/180Hz/含喇叭/FreeSync Premium)保無亮點,3988,2024-03-17,ViewSonic,VX2728,180Hz,ViewSonic VX2728
螢幕｜投影機｜壁掛,ViewSonic VX2728J(2H1P/0.5ms/IPS/180Hz/含喇叭/FreeSync Premium)保無亮點.人體工學支架,5400,2024-03-17,ViewSonic,VX2728J,180Hz,ViewSonic VX2728J
螢幕｜投影機｜壁掛,三星 S27C390EAC(2H1P/4ms/VA曲面/含喇叭/FreeSync)窄邊框.低藍光.零閃屏,5490,2024-03-17,三星,S27C390EAC,,三星 S27C390EAC
螢幕｜投影機｜壁掛,三星 M5 S27CM500EC(2H/4ms/VA/含喇叭/WiFi5/BT5.2)智慧聯網螢幕(黑),6290,2024-03-17,三星,M5,,三星 M5 S27CM500EC
螢幕｜投影機｜壁掛,三星 M5 S27CM501EC(2H/4ms/VA/含喇叭/WiFi5/BT5.2)智慧聯網螢幕(白),6340,2024-03-17,三星,M5,,三星 M5 S27CM501EC
螢幕｜投影機｜壁掛,三星 S27C310EAC(1A1H/5ms/IPS/無喇叭/FreeSync)窄邊框.低藍光.零閃屏,3950,2024-03-17,三星,S27C310EAC,,三星 S27C310EAC
螢幕｜投影機｜壁掛,三星 S27C366EAC(1A1H/4ms/VA曲面/無喇叭/FreeSync)低藍光.零閃屏,4990,2024-03-17,三星,S27C366EAC,,三星 S27C366EAC
螢幕｜投影機｜壁掛,技嘉 GS27F(2H1P/1ms/IPS/165Hz/無喇叭/Freesync Premium)低藍光.不閃屏,4390,2024-03-17,技嘉,GS27F,165Hz,技嘉 GS27F
螢幕｜投影機｜壁掛,華碩 VY279HF(1H/1ms/IPS/100Hz/無喇叭/Adaptive-Sync)抗閃機種,3480,2024-03-17,華碩,VY279HF,100Hz,華碩 VY279HF
螢幕｜投影機｜壁掛,華碩 VA27EHF(1H/1ms/IPS/100Hz/無喇叭/Adaptive-Sync)抗閃.護眼電競顯示器,2966,2024-03-17,華碩,VA27EHF,100Hz,華碩 VA27EHF
螢幕｜投影機｜壁掛,華碩 VA27EHFR(1A1H/1ms/IPS/100Hz/無喇叭/Adaptive-Sync)抗閃機種,3288,2024-03-17,華碩,VA27EHFR,100Hz,華碩 VA27EHFR
螢幕｜投影機｜壁掛,華碩 VA27DQF(1H1P/1ms/IPS/100Hz/含喇叭/Adaptive-Sync)抗閃機種,3488,2024-03-17,華碩,VA27DQF,100Hz,華碩 VA27DQF
螢幕｜投影機｜壁掛,華碩 VU279CFE-B(1H1C/1ms/IPS/100Hz/無喇叭/Adaptive-Sync)USB-C 15W.護眼,4980,2024-03-17,華碩,VU279CFE,100Hz,華碩 VU279CFE-B
螢幕｜投影機｜壁掛,華碩 VU279CFE-M(1H1C/1ms/IPS/100Hz/無喇叭/Adaptive-Sync)USB-C 15W.燕麥奶色,4889,2024-03-17,華碩,VU279CFE,100Hz,華碩 VU279CFE-M
螢幕｜投影機｜壁掛,華碩 MZ279HL(1A2H/5ms/IPS/含喇叭/Adaptive-Sync) 德國萊茵不閃屏.低藍光 *尾盤,5688,2024-03-17,華碩,MZ279HL,,華碩 MZ279HL
螢幕｜投影機｜壁掛,華碩 VG279Q1A(TUF/2H1P/1ms/IPS/165Hz/含喇叭/Adaptive-Sync)低藍光.不閃屏,3970,2024-03-17,華碩,VG279Q1A,165Hz,華碩 VG279Q1A
螢幕｜投影機｜壁掛,華碩 VG279QM1A(TUF/2H1P/1ms/Fast IPS/280Hz/含喇叭/Freesync Premium)G-SYNC兼容,6988,2024-03-17,華碩,VG279QM1A,280Hz,華碩 VG279QM1A
螢幕｜投影機｜壁掛,華碩 VG27VH1B(TUF/1A1H/1ms/VA曲面/165Hz/含喇叭/Adaptive-sync),4588,2024-03-17,華碩,VG27VH1B,165Hz,華碩 VG27VH1B
螢幕｜投影機｜壁掛,華碩 VG27VQM(TUF/2H1P/1ms/VA曲面/240Hz/含喇叭/FreeSync Premium),6488,2024-03-17,華碩,VG27VQM,240Hz,華碩 VG27VQM
螢幕｜投影機｜壁掛,ACER SA272U E(2H1P/1ms/IPS/100Hz/無喇叭/FreeSync)抗閃系列,3888,2024-03-17,ACER,SA272U,100Hz,ACER SA272U E
螢幕｜投影機｜壁掛,ACER ED270U P(2H1P/1ms/VA曲面/165Hz/含喇叭/Adaptive-Sync)低藍光.不閃爍,5180,2024-03-17,ACER,ED270U,165Hz,ACER ED270U P
螢幕｜投影機｜壁掛,ACER ED270U S3(2H1P/1ms/VA曲面/180Hz/含喇叭/FreeSync),5488,2024-03-17,ACER,ED270U,180Hz,ACER ED270U S3
螢幕｜投影機｜壁掛,ACER VG272U W2(2H1P/0.5ms/IPS/240Hz/含喇叭/FreeSync Premium/HDR400)HDMI 2.1,6288,2024-03-17,ACER,VG272U,240Hz,ACER VG272U W2
螢幕｜投影機｜壁掛,ACER XV271U M3(2H1P/0.5ms/IPS/180Hz/含喇叭/FreeSync Premium)可升降旋轉,5288,2024-03-17,ACER,XV271U,180Hz,ACER XV271U M3
螢幕｜投影機｜壁掛,ACER XV272U V3(2H1P/0.5ms/IPS/180Hz/含喇叭FreeSync Premium/HDR400)可升降旋轉,5688,2024-03-17,ACER,XV272U,180Hz,ACER XV272U V3
螢幕｜投影機｜壁掛,ACER XV273U V3(2H1P/0.5ms/IPS/180Hz/含喇叭/FreeSync Premium/HDR400),6888,2024-03-17,ACER,XV273U,180Hz,ACER XV273U V3
螢幕｜投影機｜壁掛,ACER XV272U RV(2H1P/0.5ms/IPS/144Hz/含喇叭/FreeSync Premium/HDR400)【優惠洽門市】,6888,2024-03-17,ACER,XV272U,144Hz,ACER XV272U RV
螢幕｜投影機｜壁掛,ACER XV272U W2(2H1P/0.5ms/IPS/240Hz/含喇叭/FreeSync Premium/HDR400)可昇降旋轉.HDMI 2.1,6688,2024-03-17,ACER,XV272U,240Hz,ACER XV272U W2
螢幕｜投影機｜壁掛,ACER XV275U P3(2H1P/2ms/VA/144Hz/無喇叭/FreeSync Premium)MiniLED,9499,2024-03-17,ACER,XV275U,144Hz,ACER XV275U P3
螢幕｜投影機｜壁掛,ACER XV272U KF(2H1P/0.5ms/IPS/300Hz/含喇叭/FreeSync Premium/HDR600)HDMI 2.1 *尾盤,18999,2024-03-17,ACER,XV272U,300Hz,ACER XV272U KF
螢幕｜投影機｜壁掛,ACER XB273U F(2H1P/0.4ms/IPS/360Hz/含喇叭/G-SYNC/HDR600)超快速IPS面板,26900,2024-03-17,ACER,XB273U,360Hz,ACER XB273U F
螢幕｜投影機｜壁掛,ACER Predator X27U(2H1P1C/0.01ms/OLED/240Hz/含喇叭/FreeSync Premium),22900,2024-03-17,ACER,Predator,240Hz,ACER Predator X27U
螢幕｜投影機｜壁掛,BenQ BL2790QT(1H1P1C/5ms/IPS/含喇叭)雙向智慧降噪技術.人體工學支架,10562,2024-03-17,BenQ,BL2790QT,,BenQ BL2790QT
螢幕｜投影機｜壁掛,BenQ GW2790QT(1H1P1C/5ms/IPS/含喇叭)雙向智慧降噪技術.人體工學支架.白色,10800,2024-03-17,BenQ,GW2790QT,,BenQ GW2790QT
螢幕｜投影機｜壁掛,【主機搭購】BenQ GW2790QT(1H1P1C/5ms/IPS/含喇叭)雙向智慧降噪技術.人體工學支架.白色,9888,2024-03-17,BenQ,GW2790QT,,BenQ GW2790QT
螢幕｜投影機｜壁掛,BenQ EW2780Q(2H1P/5ms/IPS/含喇叭/HDR400)類瞳孔護眼技術 (HDRi)▼下殺到 3/18 23:59,6988,2024-03-17,BenQ,EW2780Q,,BenQ EW2780Q
螢幕｜投影機｜壁掛,BenQ MOBIUZ EX2710R(2H1P/1ms/VA曲面/165Hz/含喇叭/FreeSync Premium Pro/HDR10)保亮點▼下殺到 3/18 23:59,6988,2024-03-17,BenQ,MOBIUZ,165Hz,BenQ MOBIUZ EX2710R
螢幕｜投影機｜壁掛,BenQ MOBIUZ EX2710Q(2H1P/1ms/IPS/165Hz/含喇叭/FreeSync Premium/HDR400)▼下殺到 3/18 23:59,6988,2024-03-17,BenQ,MOBIUZ,165Hz,BenQ MOBIUZ EX2710Q
螢幕｜投影機｜壁掛,【主機搭購】BenQ MOBIUZ EX2710Q(2H1P/1ms/IPS/165Hz/含喇叭/FreeSync Premium/HDR400),6688,2024-03-17,BenQ,MOBIUZ,165Hz,BenQ MOBIUZ EX2710Q
螢幕｜投影機｜壁掛,BenQ PD2705Q(1H1P/5ms/IPS/含喇叭/HDR10) 專業設計繪圖螢幕.PD 65W▼下殺到 3/31 23:59,9988,2024-03-17,BenQ,PD2705Q,,BenQ PD2705Q
螢幕｜投影機｜壁掛,BenQ SW272Q(2H1P1C/5ms/IPS/無喇叭/HDR10)數位紙技術.低反光面板技術,27888,2024-03-17,BenQ,SW272Q,,BenQ SW272Q
螢幕｜投影機｜壁掛,PHILIPS Evnia 27M1C5500V(2H1P/1ms/VA曲面/165Hz/無喇叭/Adaptive-Sync)可調整高低,4980,2024-03-17,PHILIPS,Evnia,165Hz,PHILIPS Evnia 27M1C5500V
螢幕｜投影機｜壁掛,PHILIPS Evnia 27M1N5500Z4(2H2P/1ms/IPS/170Hz/無喇叭/FreeSync Premium/HDR400)【優惠洽門市】【活動贈】,5980,2024-03-17,PHILIPS,Evnia,170Hz,PHILIPS Evnia 27M1N5500Z4
螢幕｜投影機｜壁掛,AOC Q27B3S2(1H1P/1ms/IPS/100Hz/無喇叭/Adaptive-Sync)抗閃.三邊極窄邊框設計,3999,2024-03-17,AOC,Q27B3S2,100Hz,AOC Q27B3S2
螢幕｜投影機｜壁掛,AOC Q27G4(1H1P/1ms/IPS/180Hz/無喇叭/Adaptive-Sync)電競螢幕,5299,2024-03-17,AOC,Q27G4,180Hz,AOC Q27G4
螢幕｜投影機｜壁掛,DELL S2721DS(2H1P/4ms/IPS/含喇叭/FreeSync)可昇降旋轉.四年保,8888,2024-03-17,DELL,S2721DS,,DELL S2721DS
螢幕｜投影機｜壁掛,DELL G2724D(1H2P/1ms/Fast IPS/165Hz/無喇叭/FreeSync Premium/HDR400)四年保【活動贈】,8888,2024-03-17,DELL,G2724D,165Hz,DELL G2724D
螢幕｜投影機｜壁掛,DELL P2723D(1H1P/5ms/IPS/無喇叭)保無亮點.低藍光螢幕.傾斜.四年保,10388,2024-03-17,DELL,P2723D,,DELL P2723D
螢幕｜投影機｜壁掛,DELL P2723DE(1H1P1C/5ms/IPS/無喇叭)保無亮點.可高低調整.旋轉.傾斜*尾盤出清,9800,2024-03-17,DELL,P2723DE,,DELL P2723DE
螢幕｜投影機｜壁掛,DELL U2722D(1H1P1C/5ms/IPS/無喇叭)保無亮點.可高低調整.旋轉.傾斜.四年保*尾盤,9988,2024-03-17,DELL,U2722D,,DELL U2722D
螢幕｜投影機｜壁掛,DELL U2724D(1H2P1C/5ms/IPS/120Hz/無喇叭)可傾斜.旋轉.保亮點.四年保【少量】,13500,2024-03-17,DELL,U2724D,120Hz,DELL U2724D
螢幕｜投影機｜壁掛,DELL U2724DE(1H2P1C1T/5ms/IPS/120Hz/無喇叭)可傾斜.旋轉.保亮點.四年保【少量】,16888,2024-03-17,DELL,U2724DE,120Hz,DELL U2724DE
螢幕｜投影機｜壁掛,LG 27GR75Q-B(2H1P/1ms/IPS/165Hz/無喇叭/FreeSync Premium)可昇降旋轉,5990,2024-03-17,LG,27GR75Q,165Hz,LG 27GR75Q-B
螢幕｜投影機｜壁掛,LG 27GR95QE-B(2H1P/0.03ms/OLED/240Hz/無喇叭/FreeSync Premium Pro)HDMI 2.1.兩年保,29900,2024-03-17,LG,27GR95QE,240Hz,LG 27GR95QE-B
螢幕｜投影機｜壁掛,MSI PRO MP273QP(2H1P/1ms/IPS/含喇叭)美型.可調整高低.旋轉【原價屋獨家款】,4990,2024-03-17,MSI,PRO,,MSI PRO MP273QP
螢幕｜投影機｜壁掛,MSI Modern MD272QP(1H1P1C/4ms/IPS/含喇叭)美型.可調整高低.旋轉 【活動↓↓↓】,4888,2024-03-17,MSI,Modern,,MSI Modern MD272QP
螢幕｜投影機｜壁掛,【主機搭購】MSI Modern MD272QP(1H1P1C/4ms/IPS/含喇叭)美型.可調整高低.旋轉,4788,2024-03-17,MSI,Modern,,MSI Modern MD272QP
螢幕｜投影機｜壁掛,MSI Modern MD272QXP(1H1P1C/1ms/IPS/100Hz/含喇叭)美型.可調整高低.旋轉,5990,2024-03-17,MSI,Modern,100Hz,MSI Modern MD272QXP
螢幕｜投影機｜壁掛,MSI Modern MD272QXPW(1H1P1C/1ms/IPS/100Hz/含喇叭)美型.可調整高低.旋轉.白色,5980,2024-03-17,MSI,Modern,100Hz,MSI Modern MD272QXPW
螢幕｜投影機｜壁掛,MSI G272CQP(2H1P/1ms/VA曲面/170Hz/無喇叭/FreeSync Premium),6490,2024-03-17,MSI,G272CQP,170Hz,MSI G272CQP
螢幕｜投影機｜壁掛,MSI G274QRFW(2H1P/1ms/Rapid IPS/170Hz/無喇叭/G-SYNC兼容) 白色,6777,2024-03-17,MSI,G274QRFW,170Hz,MSI G274QRFW
螢幕｜投影機｜壁掛,MSI G274QPF(2H1P1C/1ms/Rapid IPS/170Hz/無喇叭/Adaptive-Sync/HDR400) *尾盤,5990,2024-03-17,MSI,G274QPF,170Hz,MSI G274QPF
螢幕｜投影機｜壁掛,MSI G274QPF E2(2H1P1C/1ms/Rapid IPS/180Hz/無喇叭/Adaptive-Sync/HDR400),6990,2024-03-17,MSI,G274QPF,180Hz,MSI G274QPF E2
螢幕｜投影機｜壁掛,MSI G274QPF-QD(2H1P1C/1ms/Rapid IPS/170Hz/無喇叭/G-SYNC兼容)量子點技術,6990,2024-03-17,MSI,G274QPF,170Hz,MSI G274QPF-QD
螢幕｜投影機｜壁掛,MSI MAG 274QRF QD E2(2H1P1C/1ms/Rapid IPS/180Hz/無喇叭/Adaptive-SyncHDR400,7990,2024-03-17,MSI,MAG,180Hz,MSI MAG 274QRF QD E2
螢幕｜投影機｜壁掛,MSI MAG 275CQRF-QD(2H1P1C/1ms/Rapid VA曲面/170Hz/無喇叭/FreeSync Premium)量子點,8490,2024-03-17,MSI,MAG,170Hz,MSI MAG 275CQRF-QD
螢幕｜投影機｜壁掛,MSI MAG 275CQRXF(2H1P1C/1ms/Rapid VA曲面/240Hz/無喇叭/Adaptive-Sync/HDR400),8990,2024-03-17,MSI,MAG,240Hz,MSI MAG 275CQRXF
螢幕｜投影機｜壁掛,ViewSonic VX2728-2K(2H1P/0.5ms/IPS/180Hz/含喇叭/FreeSync Premium),5980,2024-03-17,ViewSonic,VX2728,180Hz,ViewSonic VX2728-2K
螢幕｜投影機｜壁掛,ViewSonic VX2758A-2K-PRO-2(2H1P/1ms/IPS/170Hz/無喇叭/FreeSync Premium)可升降.翻轉【少量】,5968,2024-03-17,ViewSonic,VX2758A,170Hz,ViewSonic VX2758A-2K-PRO-2
螢幕｜投影機｜壁掛,ViewSonic VX2728J-2K(2H1P/0.5ms/IPS/180Hz/含喇叭/FreeSync Premium)可升降.翻轉,6988,2024-03-17,ViewSonic,VX2728J,180Hz,ViewSonic VX2728J-2K
螢幕｜投影機｜壁掛,ViewSonic VP2756-2K(1H1P1C/5ms/IPS/含喇叭) Pantone認證.可旋轉.保無亮點,11350,2024-03-17,ViewSonic,VP2756,,ViewSonic VP2756-2K
螢幕｜投影機｜壁掛,三星 S27CG552EC(Odyssey/1H1P/1ms/VA曲面/165Hz/無喇叭/FreeSync/HDR10),5990,2024-03-17,三星,S27CG552EC,165Hz,三星 S27CG552EC
螢幕｜投影機｜壁掛,三星 S27BG650EC(Odyssey/2H1P/1ms/VA曲/240Hz/含喇叭/FreeSync Premium Pro)HDMI 2.1,14900,2024-03-17,三星,S27BG650EC,240Hz,三星 S27BG650EC
螢幕｜投影機｜壁掛,三星 S6 S27A600NAC(1H1P/5ms/IPS/無喇叭/FreeSync/HDR10)可高低調整【少量】,7690,2024-03-17,三星,S6,,三星 S6 S27A600NAC
螢幕｜投影機｜壁掛,技嘉 GS27QC(2H1P/1ms/VA曲面/165Hz/無喇叭/FreeSync Premium)不閃頻.低藍光▼下殺到 3/31 23:59,4499,2024-03-17,技嘉,GS27QC,165Hz,技嘉 GS27QC
螢幕｜投影機｜壁掛,技嘉 GS27Q(2H1P/1ms/IPS/165Hz/無喇叭//FreeSync Premium)不閃頻.低藍光,5811,2024-03-17,技嘉,GS27Q,165Hz,技嘉 GS27Q
螢幕｜投影機｜壁掛,技嘉 M27Q(rev2.0)(2H1P1C/1ms/IPS/165Hz/無喇叭/FreeSync/HDR400)OC 170Hz【少量】,7990,2024-03-17,技嘉,M27Q,165Hz,技嘉 M27Q
螢幕｜投影機｜壁掛,海盜船 XENEON 27QHD240(2H1P1C/0.03ms/OLED/240Hz/無喇叭/G-Sync兼容)HDMI 2.1【客訂】,33900,2024-03-17,海盜船,XENEON,240Hz,海盜船 XENEON 27QHD240
螢幕｜投影機｜壁掛,華碩 BE27ACSBK(1H1P1C/5ms/IPS/含喇叭)200萬網絡攝像頭.可昇降翻轉*尾盤出清 $9900↘,7888,2024-03-17,華碩,BE27ACSBK,,華碩 BE27ACSBK
螢幕｜投影機｜壁掛,華碩 VG27AQ3A(TUF/2H1P/1ms/Fast IPS/180Hz/含喇叭/G-SYNC兼容)快速IPS電競螢幕,5918,2024-03-17,華碩,VG27AQ3A,180Hz,華碩 VG27AQ3A
螢幕｜投影機｜壁掛,華碩 VG27AQL3A(TUF/2H1P/1ms/Fast IPS/180Hz/含喇叭/FreeSync Premium/HDR400)【活動贈】,6688,2024-03-17,華碩,VG27AQL3A,180Hz,華碩 VG27AQL3A
螢幕｜投影機｜壁掛,華碩 VG27AQL3A-W(TUF/2H1P/1ms/Fast IPS/180Hz/含喇叭/FreeSync Premium/HDR400)白色,6688,2024-03-17,華碩,VG27AQL3A,180Hz,華碩 VG27AQL3A-W
螢幕｜投影機｜壁掛,華碩 VG27WQ1B(2H1P/1ms/VA曲面/165Hz/含喇叭/Adaptive-Sync/HDR10)曲面遊戲顯示器,5980,2024-03-17,華碩,VG27WQ1B,165Hz,華碩 VG27WQ1B
螢幕｜投影機｜壁掛,華碩 VG27AQM1A(TUF/2H1P/1ms/Fast IPS/260Hz/含喇叭/FreeSync Premium/HDR400),8988,2024-03-17,華碩,VG27AQM1A,260Hz,華碩 VG27AQM1A
螢幕｜投影機｜壁掛,華碩 XG27AQV(ROG/2H1P/1ms/IPS曲面/170Hz/無喇叭/FreeSync Premium/HDR400),7546,2024-03-17,華碩,XG27AQV,170Hz,華碩 XG27AQV
螢幕｜投影機｜壁掛,華碩 XG27AQ(ROG/2H1P/1ms/IPS/170Hz/含喇叭/Adaptive-Sync/HDR400),8515,2024-03-17,華碩,XG27AQ,170Hz,華碩 XG27AQ
螢幕｜投影機｜壁掛,華碩 XG27ACS(ROG/1H1P1C/1ms/180Hz/無喇叭/FreeSync/HDR400)G-SYNC兼容,9900,2024-03-17,華碩,XG27ACS,180Hz,華碩 XG27ACS
螢幕｜投影機｜壁掛,華碩 XG27AQMR(ROG/2H1P/1ms/IPS/300Hz/無喇叭/FreeSync Premium Pro/HDR600【活動贈】,14888,2024-03-17,華碩,XG27AQMR,300Hz,華碩 XG27AQMR
螢幕｜投影機｜壁掛,華碩 PG27AQDM(ROG/2H1P/0.03ms/OLED/240Hz/無喇叭/G-Sync兼容)兩年保,24780,2024-03-17,華碩,PG27AQDM,240Hz,華碩 PG27AQDM
螢幕｜投影機｜壁掛,華碩 PG27AQN(ROG/3H1P/1ms/IPS/360Hz/無喇叭/G-Sync/HDR600)超快速 IPS 技術【少量】,27888,2024-03-17,華碩,PG27AQN,360Hz,華碩 PG27AQN
螢幕｜投影機｜壁掛,華碩 PA278CGV(2H1P1C/5ms/IPS/144Hz/含喇叭FreeSync Premium/HDR400)人體工學支架【少量】,9800,2024-03-17,華碩,PA278CGV,144Hz,華碩 PA278CGV
螢幕｜投影機｜壁掛,ACER VG270K L(2H1P/4ms/IPS/含喇叭/FreeSync/HDR 10)4K入門款式,6999,2024-03-17,ACER,VG270K,,ACER VG270K L
螢幕｜投影機｜壁掛,ACER XV272K V3(2H1P/0.5ms/IPS/160Hz/含喇叭/FreeSync Premium/HDR400)HDMI 2.1,9999,2024-03-17,ACER,XV272K,160Hz,ACER XV272K V3
螢幕｜投影機｜壁掛,ACER XV272K LV(2H1P1C/0.5ms/IPS/160Hz/含喇叭/FreeSync Premium)HDMI 2.1 機種,17999,2024-03-17,ACER,XV272K,160Hz,ACER XV272K LV
螢幕｜投影機｜壁掛,ACER XV275K P3(2H1P1C/1ms/IPS/160Hz/無喇叭/FreeSync Premium/HDR1000)HDMI 2.1.MiniLED,18888,2024-03-17,ACER,XV275K,160Hz,ACER XV275K P3
螢幕｜投影機｜壁掛,BenQ MOBIUZ EX2710U(2H1P/1ms/IPS/144Hz/含喇叭/FreeSync Premium Pro)HDMI 2.1,21888,2024-03-17,BenQ,MOBIUZ,144Hz,BenQ MOBIUZ EX2710U
螢幕｜投影機｜壁掛,BenQ PD2705U(1H1P1C/5ms/IPS/含喇叭/HDR10)AQCOLOR色彩技術.可高低旋轉,17888,2024-03-17,BenQ,PD2705U,,BenQ PD2705U
螢幕｜投影機｜壁掛,BenQ PD2706UA(1H1P1C/5ms/IPS/含喇叭/HDR10)PD Ergo Arm可旋轉.調整高度,21888,2024-03-17,BenQ,PD2706UA,,BenQ PD2706UA
螢幕｜投影機｜壁掛,BenQ PD2725U(2H1P1C/5ms/IPS/含喇叭/HDR400)支援Thunderbolt 3連接.專業設計【少量】,24788,2024-03-17,BenQ,PD2725U,,BenQ PD2725U
螢幕｜投影機｜壁掛,BenQ SW272U(2H1P1C/5ms/IPS/無喇叭/HDR10)數位紙技術.低反光面板技術,46888,2024-03-17,BenQ,SW272U,,BenQ SW272U
螢幕｜投影機｜壁掛,MSI Modern MD271UL(2H1P1C/4ms/IPS/無喇叭)三邊無邊框.美型機型,7990,2024-03-17,MSI,Modern,,MSI Modern MD271UL
螢幕｜投影機｜壁掛,MSI MAG 274UPF(2H1C/1ms/Rapid IPS/144Hz/無喇叭/FreeSync Premium/HDR400)HDMI 2.1,15800,2024-03-17,MSI,MAG,144Hz,MSI MAG 274UPF
螢幕｜投影機｜壁掛,DELL P2723QE(1H1P1C/5ms/IPS/無喇叭)保亮點.可傾斜.調整高低.四年保,16543,2024-03-17,DELL,P2723QE,,DELL P2723QE
螢幕｜投影機｜壁掛,DELL U2723QE(1H1P1C/5ms/IPS/無喇叭/HDR400)廣色域.保亮點.可傾斜.四年保,22999,2024-03-17,DELL,U2723QE,,DELL U2723QE
螢幕｜投影機｜壁掛,LG 27UP600-W(2H1P/5ms/IPS/無喇叭/FreeSync/HDR400)高畫質編輯顯示器▼下殺到 3/31 23:59,7990,2024-03-17,LG,27UP600,,LG 27UP600-W
螢幕｜投影機｜壁掛,LG 27UP850N-W(2H1P1C/5ms/IPS/含喇叭/FreeSync/HDR400) 可旋轉.調整高低【少量】,14900,2024-03-17,LG,27UP850N,,LG 27UP850N-W
螢幕｜投影機｜壁掛,LG 27GR93U-B(2H1P/1ms/IPS/144Hz/無喇叭/FreeSync Premium)HDMI 2.1▼下殺到 3/31 23:59,13900,2024-03-17,LG,27GR93U,144Hz,LG 27GR93U-B
螢幕｜投影機｜壁掛,三星 S7 S27A700NWC(1H1P/5ms/IPS/無喇叭/HDR10)低藍光.護眼.PIP.PBP,7880,2024-03-17,三星,S7,,三星 S7 S27A700NWC
螢幕｜投影機｜壁掛,三星 S8 S27A800UJC(1H1P1C/5ms/IPS/無喇叭/HDR10)可垂直.可升降.低藍光,9890,2024-03-17,三星,S8,,三星 S8 S27A800UJC
螢幕｜投影機｜壁掛,華碩 PA279CRV(2H2P1C/5ms/IPS/含喇叭/Delta E值小於2)支援USB-C 96瓦,12533,2024-03-17,華碩,PA279CRV,,華碩 PA279CRV
螢幕｜投影機｜壁掛,華碩 PA27DCE-K(3H1P1C/0.1ms/OLED/含喇叭/HDR10)PD 80W.人體工學支架.兩年保,46900,2024-03-17,華碩,PA27DCE,,華碩 PA27DCE-K
螢幕｜投影機｜壁掛,三星 S9 S27C900PAC(1P1C/5ms/IPS/含喇叭/HDR10) Mini DP、TBT4 (90W) 【客訂】,45900,2024-03-17,三星,S9,,三星 S9 S27C900PAC
螢幕｜投影機｜壁掛,LG 28MQ780-B(2H1P1C/5ms/NanoIPS/含喇叭/HDR10)DualUp 雙能機【限量】,20900,2024-03-17,LG,28MQ780,,LG 28MQ780-B
螢幕｜投影機｜壁掛,ACER VG280K(2H1P/1ms/IPS/含喇叭/FreeSync/HDR10) 廣色域 *尾盤,6688,2024-03-17,ACER,VG280K,,ACER VG280K
螢幕｜投影機｜壁掛,ACER XV280K(2H1P/4ms/IPS/含喇叭/FreeSync/HDR10)廣色域.專業護眼,7488,2024-03-17,ACER,XV280K,,ACER XV280K
螢幕｜投影機｜壁掛,ACER XV282K KV(2H1P1C/1ms/IPS/144Hz/含喇叭/FreeSync Premium/HDR400)HDMI 2.1【少量】,15999,2024-03-17,ACER,XV282K,144Hz,ACER XV282K KV
螢幕｜投影機｜壁掛,BenQ EW2880U(2H1P1C/5ms/IPS/含喇叭/FreeSync)類瞳孔.光智慧.護眼螢幕,9988,2024-03-17,BenQ,EW2880U,,BenQ EW2880U
螢幕｜投影機｜壁掛,【任搭】BenQ EW2880U(2H1P1C/5ms/IPS/含喇叭/FreeSync)類瞳孔.光智慧.護眼螢幕,9788,2024-03-17,BenQ,EW2880U,,BenQ EW2880U
螢幕｜投影機｜壁掛,技嘉 M28U(2H1P1C/1ms/IPS/144Hz/含喇叭/FreeSync Premium Pro/HDR400)HDMI 2.1【少量】,14900,2024-03-17,技嘉,M28U,144Hz,技嘉 M28U
螢幕｜投影機｜壁掛,技嘉 M28U AE(2H1P1C/1ms/IPS/144Hz/FreeSync Premium Pro/HDR400)HDMI 2.1.人體工學手臂【少量】,15510,2024-03-17,技嘉,M28U,144Hz,技嘉 M28U AE
螢幕｜投影機｜壁掛,三星 S28BG700EC(Odyssey/2H1P/1ms/IPS/144Hz/含喇叭/FreeSync Premium Pro)HDMI 2.1,16888,2024-03-17,三星,S28BG700EC,144Hz,三星 S28BG700EC
螢幕｜投影機｜壁掛,華碩 VP289Q(2H1P/5ms/IPS/含喇叭/Adaptive-Sync/HDR10)護眼顯示器 【少量】,8450,2024-03-17,華碩,VP289Q,,華碩 VP289Q
螢幕｜投影機｜壁掛,華碩 VG289Q(TUF/2H1P/5ms/IPS/含喇叭/FreeSync/HDR10/G-SYNC兼容)可翻轉.昇降,7700,2024-03-17,華碩,VG289Q,,華碩 VG289Q
螢幕｜投影機｜壁掛,Lenovo D32-40(1H1P/4ms/VA/無喇叭/FreeSync)低藍光.護眼.最優惠32吋機種 *尾盤,3988,2024-03-17,Lenovo,D32,,Lenovo D32-40
螢幕｜投影機｜壁掛,ACER SA322Q A(1A1H/1ms/IPS/無喇叭/FreeSync)入門32吋機種,3999,2024-03-17,ACER,SA322Q,,ACER SA322Q A
螢幕｜投影機｜壁掛,PHILIPS Evnia 32M1C5200W(2H1P/0.5ms/VA曲面/240Hz/無喇叭/Adaptive-Sync)▼下殺到 3/17 23:59,5122,2024-03-17,PHILIPS,Evnia,240Hz,PHILIPS Evnia 32M1C5200W
螢幕｜投影機｜壁掛,AOPEN 32HC5QR S(2H1P/1ms/VA曲面/165Hz/含喇叭/FreeSync Premium) *尾盤,4900,2024-03-17,AOPEN,32HC5QR,165Hz,AOPEN 32HC5QR S
螢幕｜投影機｜壁掛,AOPEN 32HC5QR S3(2H1P/1ms/VA曲面/180Hz/含喇叭//FreeSync Premium),5288,2024-03-17,AOPEN,32HC5QR,180Hz,AOPEN 32HC5QR S3
螢幕｜投影機｜壁掛,LG 32MR50C-B(1A2H/5ms/VA曲面/100Hz/無喇叭/FreeSync),4597,2024-03-17,LG,32MR50C,100Hz,LG 32MR50C-B
螢幕｜投影機｜壁掛,LG 32SR50F-W(2H/8ms/IPS/含喇叭)智慧型顯示器搭載 webOS,7666,2024-03-17,LG,32SR50F,,LG 32SR50F-W
螢幕｜投影機｜壁掛,MSI G32C4X(2H1P/1ms/VA曲面/250Hz/無喇叭/FreeSync Premium)電競曲面螢幕,5890,2024-03-17,MSI,G32C4X,250Hz,MSI G32C4X
螢幕｜投影機｜壁掛,ViewSonic VA3209-MH(1A1H/4ms/IPS/含喇叭)窄邊框美型螢幕,4670,2024-03-17,ViewSonic,VA3209,,ViewSonic VA3209-MH
螢幕｜投影機｜壁掛,ViewSonic VX3276-MHD-3(1A1H1P/4ms/IPS/含喇叭/Adaptive-Sync),4638,2024-03-17,ViewSonic,VX3276,,ViewSonic VX3276-MHD-3
螢幕｜投影機｜壁掛,三星 S32C390EAC(2H1P/4ms/VA曲面/含喇叭/FreeSync)窄邊框.低藍光.零閃屏,6490,2024-03-17,三星,S32C390EAC,,三星 S32C390EAC
螢幕｜投影機｜壁掛,華碩 VA329HE(1A1H/5ms/IPS/無喇叭/Adaptive-Sync)不閃屏.低藍光,4680,2024-03-17,華碩,VA329HE,,華碩 VA329HE
螢幕｜投影機｜壁掛,華碩 VG328QA1A(TUF/2H1P/1ms/VA/165Hz/含喇叭/FreeSync Premium)OC 170Hz,5809,2024-03-17,華碩,VG328QA1A,165Hz,華碩 VG328QA1A
螢幕｜投影機｜壁掛,ACER SA322QU A(2H1P/1ms/IPS/無喇叭/FreeSync/HDR10)薄邊框,5688,2024-03-17,ACER,SA322QU,,ACER SA322QU A
螢幕｜投影機｜壁掛,ACER XV320QU M5(2H1P/0.5ms/IPS/180Hz/含喇叭/FreeSync Premium/HDR10),7999,2024-03-17,ACER,XV320QU,180Hz,ACER XV320QU M5
螢幕｜投影機｜壁掛,BenQ MOBIUZ EX3210R(2H1P/1ms/VA曲面/165Hz/含喇叭/FreeSync Premium Pro)保亮點,8988,2024-03-17,BenQ,MOBIUZ,165Hz,BenQ MOBIUZ EX3210R
螢幕｜投影機｜壁掛,BenQ BL3290QT(1H1P1C/5ms/IPS/含喇叭)雙向智慧降噪技術.人體工學支架,12888,2024-03-17,BenQ,BL3290QT,,BenQ BL3290QT
螢幕｜投影機｜壁掛,BenQ GW3290QT(1H1P1C/5ms/IPS/含喇叭)雙向智慧降噪技術.人體工學支架.白色,13888,2024-03-17,BenQ,GW3290QT,,BenQ GW3290QT
螢幕｜投影機｜壁掛,PHILIPS Evnia 32M1N5500VS(2H1P/1ms/VA/165Hz/含喇叭/FreeSync Premium/HDR400)【贈全家禮卷400元】,6888,2024-03-17,PHILIPS,Evnia,165Hz,PHILIPS Evnia 32M1N5500VS
螢幕｜投影機｜壁掛,PHILIPS Evnia 32M1C5500VL(2H1P/1ms/VA曲面/165Hz/無喇叭/Adaptive-Sync)電競曲面螢幕▼下殺到 3/17 23:59,5980,2024-03-17,PHILIPS,Evnia,165Hz,PHILIPS Evnia 32M1C5500VL
螢幕｜投影機｜壁掛,AOC Q32G3SE(2H1P/1ms/VA/165Hz/無喇叭/FreeSync Premium)電競顯示器,5988,2024-03-17,AOC,Q32G3SE,165Hz,AOC Q32G3SE
螢幕｜投影機｜壁掛,AOC AG325QX(2H2P/1ms/IPS/180Hz/無喇叭/G-SYNC兼容/HDR400),9999,2024-03-17,AOC,AG325QX,180Hz,AOC AG325QX
螢幕｜投影機｜壁掛,MSI G32CQ5P(2H1P/1ms/VA曲面/170Hz/無喇叭/Adaptive-Sync),7990,2024-03-17,MSI,G32CQ5P,170Hz,MSI G32CQ5P
螢幕｜投影機｜壁掛,MSI G322CQP(2H1P/1ms/VA曲面/170Hz/無喇叭/FreeSync Premium)【少量】,7990,2024-03-17,MSI,G322CQP,170Hz,MSI G322CQP
螢幕｜投影機｜壁掛,MSI G321Q(2H1P/1ms/IPS/170Hz/無喇叭/G-SYNC兼容)電競機種,9800,2024-03-17,MSI,G321Q,170Hz,MSI G321Q
螢幕｜投影機｜壁掛,MSI MAG 325CQRF-QD(2H1P1C/1ms/Rapid VA曲面/170Hz/無喇叭/FreeSync Premium)量子點,9890,2024-03-17,MSI,MAG,170Hz,MSI MAG 325CQRF-QD
螢幕｜投影機｜壁掛,MSI MAG 325CQRXF(2H1P1C/1ms/Rapid VA曲/240Hz/無喇叭/Adaptive-Sync/HDR400),9990,2024-03-17,MSI,MAG,240Hz,MSI MAG 325CQRXF
螢幕｜投影機｜壁掛,MSI MPG321QRF-QD(2H1P1C/1ms/Rapid IPS/175Hz/無喇叭/G-Sync兼容/HDR600),12800,2024-03-17,MSI,MPG321QRF,175Hz,MSI MPG321QRF-QD
螢幕｜投影機｜壁掛,LG 32GQ850-B(2H1P/1ms/Nano IPS/240Hz/無喇叭/FreeSync Premium Pro)HDMI 2.1*尾盤,18900,2024-03-17,LG,32GQ850,240Hz,LG 32GQ850-B
螢幕｜投影機｜壁掛,【搭購價】LG 32GQ850-B(2H1P/1ms/Nano IPS/240Hz/無喇叭/FreeSync Premium Pro)HDMI 2.1*尾盤,18000,2024-03-17,LG,32GQ850,240Hz,LG 32GQ850-B
螢幕｜投影機｜壁掛,ViewSonic VA3209-2K-MHD(2H1P/4ms/IPS/含喇叭)窄邊框美型螢幕,6666,2024-03-17,ViewSonic,VA3209,,ViewSonic VA3209-2K-MHD
螢幕｜投影機｜壁掛,ViewSonic VX3276-2K-MHD-2(2H2P/4ms/IPS/含喇叭/Adaptive-Sync)【少量】,6888,2024-03-17,ViewSonic,VX3276,,ViewSonic VX3276-2K-MHD-2
螢幕｜投影機｜壁掛,ViewSonic VX3218C-2K(1H1P/1ms/VA曲面/165Hz/含喇叭/FreeSync Premium),6488,2024-03-17,ViewSonic,VX3218C,165Hz,ViewSonic VX3218C-2K
螢幕｜投影機｜壁掛,ViewSonic VX3219-2K-PRO-2(2H1P/0.43ms/IPS/165Hz/無喇叭/FreeSync Premium),8988,2024-03-17,ViewSonic,VX3219,165Hz,ViewSonic VX3219-2K-PRO-2
螢幕｜投影機｜壁掛,三星 S32CG552EC(Odyssey/1H1P/1ms/VA曲面/165Hz/無喇叭/FreeSync/HDR10),7290,2024-03-17,三星,S32CG552EC,165Hz,三星 S32CG552EC
螢幕｜投影機｜壁掛,三星 S32BG650EC(Odyssey/2H1P/1ms/VA曲/240Hz/含喇叭/FreeSync Premium Pro)HDMI 2.1,18900,2024-03-17,三星,S32BG650EC,240Hz,三星 S32BG650EC
螢幕｜投影機｜壁掛,技嘉 GS32Q(2H1P/1ms/IPS/170Hz/無喇叭/FreeSync Premium)不閃頻.低藍光,6488,2024-03-17,技嘉,GS32Q,170Hz,GIGABYTE GS32Q
螢幕｜投影機｜壁掛,技嘉 M32QC(2H1P1C/1ms/VA曲面/170Hz/無喇叭/Adaptive-Sync/HDR400) 內建KVM,8800,2024-03-17,技嘉,M32QC,170Hz,技嘉 M32QC
螢幕｜投影機｜壁掛,華碩 VG32VQ1B(TUF/2H1P/1ms/VA曲面/165Hz/含喇叭/FreeSync/HDR10)廣色域電競,7677,2024-03-17,華碩,VG32VQ1B,165Hz,華碩 VG32VQ1B
螢幕｜投影機｜壁掛,華碩 XG32AQ(ROG/2H1P/1ms/IPS/175Hz/無喇叭/G-SYNC兼容/HDR600)電競顯示器【少量】,11000,2024-03-17,華碩,XG32AQ,175Hz,華碩 XG32AQ
螢幕｜投影機｜壁掛,華碩 XG32VC(ROG/2H1P1C/1ms/VA曲面/170Hz/無喇叭/FreeSync/HDR400)Aura-Sync,12688,2024-03-17,華碩,XG32VC,170Hz,華碩 XG32VC
螢幕｜投影機｜壁掛,華碩 PA328QV(2H1P/5ms/IPS/含喇叭/Adaptive-Sync)可旋轉.調整高度【少量】,9688,2024-03-17,華碩,PA328QV,,華碩 PA328QV
螢幕｜投影機｜壁掛,華碩 PA328CGV(2H1P1C/5ms/IPS/165Hz/含喇叭/FreeSync Premium Pro)【少量】,15888,2024-03-17,華碩,PA328CGV,165Hz,華碩 PA328CGV
螢幕｜投影機｜壁掛,ACER SA322QK(2H1P/4ms/VA/含喇叭/FreeSync/HDR10),7999,2024-03-17,ACER,SA322QK,,ACER SA322QK
螢幕｜投影機｜壁掛,ACER XV322QK KV(2H1P1C/0.5ms/IPS/144Hz/含喇叭/FreeSync Premium)HDMI 2.1,19900,2024-03-17,ACER,XV322QK,144Hz,ACER XV322QK KV
螢幕｜投影機｜壁掛,ACER XB323QK NV(2H1P1C/0.5ms/IPS/144Hz/含喇叭/Adaptive-Sync)HDMI 2.1,19999,2024-03-17,ACER,XB323QK,144Hz,ACER XB323QK NV
螢幕｜投影機｜壁掛,ACER XB323K RV(4H1P1C/0.7ms/IPS/160Hz/含喇叭/FreeSync Premium/HDR600)HDMI 2.1*尾盤,25500,2024-03-17,ACER,XB323K,160Hz,ACER XB323K RV
螢幕｜投影機｜壁掛,ACER X32Q FS(2H1P1C/1ms/IPS/144Hz/含喇叭/FreeSync Premium Pro/HDR1000)Mini LED.HDMI 2.1【少量】,22900,2024-03-17,ACER,X32Q,144Hz,ACER X32Q FS
螢幕｜投影機｜壁掛,ACER X32 FP(4H1P1C/1ms/IPS/160Hz/含喇叭/FreeSync Premium Pro/HDR1000)Mini LED.HDMI 2.1*尾盤,34999,2024-03-17,ACER,X32,160Hz,ACER X32 FP
螢幕｜投影機｜壁掛,BenQ EW3270U(2H1P1C/4ms/VA/含喇叭/FreeSync/HDR10)保亮點.10Bit廣色域.類瞳孔(HDRi),11888,2024-03-17,BenQ,EW3270U,,BenQ EW3270U
螢幕｜投影機｜壁掛,BenQ EW3280U(2H1P1C/5ms/IPS/含喇叭/FreeSync/HDR10)10Bit廣色域.類瞳孔(HDRi),16888,2024-03-17,BenQ,EW3280U,,BenQ EW3280U
螢幕｜投影機｜壁掛,BenQ PD3200U(1H1P1MP/4ms/IPS/含喇叭)低藍.不閃.內建KVM *尾盤優惠,18888,2024-03-17,BenQ,PD3200U,,BenQ PD3200U
螢幕｜投影機｜壁掛,BenQ PD3205U(1H1P1C/5ms/IPS/含喇叭/HDR10)AQCOLOR.專業設計繪圖.可翻轉,21888,2024-03-17,BenQ,PD3205U,,BenQ PD3205U
螢幕｜投影機｜壁掛,BenQ PD3220U(2H1P2C/5ms/IPS/含喇叭/HDR10)支援Thunderbolt 3連接.可高低旋轉,36888,2024-03-17,BenQ,PD3220U,,BenQ PD3220U
螢幕｜投影機｜壁掛,BenQ MOBIUZ EX3210U(2H1P/1ms/IPS/144Hz/含喇叭/FreeSync Premium Pro)HDMI2.1,25988,2024-03-17,BenQ,MOBIUZ,144Hz,BenQ MOBIUZ EX3210U
螢幕｜投影機｜壁掛,PHILIPS 32E1N5800L(2H1P/4ms/VA/無喇叭/HDR10)可傾斜.旋轉.調整高低 *尾盤,7980,2024-03-17,PHILIPS,32E1N5800L,,PHILIPS 32E1N5800L
螢幕｜投影機｜壁掛,PHILIPS Evnia 32M1N5800A(2H1P/1ms/IPS/144Hz/含喇叭/FreeSync Premium/HDR400)HDMI2.1,19988,2024-03-17,PHILIPS,Evnia,144Hz,PHILIPS Evnia 32M1N5800A
螢幕｜投影機｜壁掛,AOPEN 32S1U PRO(1H1C/21ms/VA/含喇叭/HDR10)啾密機.玫瑰金.Mini HDMI介面【客訂】,34900,2024-03-17,AOPEN,32S1U,,AOPEN 32S1U PRO
螢幕｜投影機｜壁掛,DELL G3223Q(2H1P/1ms/IPS/144Hz/無喇叭/FreeSync Premium Pro/HDR600)HDMI 2.1-四年保【活動贈】,19880,2024-03-17,DELL,G3223Q,144Hz,DELL G3223Q
螢幕｜投影機｜壁掛,DELL P3223QE(1H1P1C/5ms/IPS/無喇叭)保無亮點.可調整高低.四年保,18888,2024-03-17,DELL,P3223QE,,DELL P3223QE
螢幕｜投影機｜壁掛,DELL U3223QE(1H1P1C/5ms/IPS/無喇叭)保無亮點.可昇降旋轉.四年保,29800,2024-03-17,DELL,U3223QE,,DELL U3223QE
螢幕｜投影機｜壁掛,DELL Alienware AW3225QF(2H1P/0.03ms/QD-OLED曲面/240Hz/無喇叭/G-SYNC兼容)HDMI 2.1,39900,2024-03-17,DELL,Alienware,240Hz,DELL Alienware AW3225QF
螢幕｜投影機｜壁掛,MSI G321CUV(2H1P/4ms/VA曲面/無喇叭/Adaptive-Sync)曲面顯示器,8888,2024-03-17,MSI,G321CUV,,MSI G321CUV
螢幕｜投影機｜壁掛,MSI G321CU(2H1P1C/1ms/VA曲面/144Hz/無喇叭/FreeSync Premium)HDMI 2.1,14700,2024-03-17,MSI,G321CU,144Hz,MSI G321CU
螢幕｜投影機｜壁掛,MSI MAG 323UPF(2H1P1C/1ms/Rapid IPS/160Hz/無喇叭/FreeSync Premium Pro)HDMI2.1,19800,2024-03-17,MSI,MAG,160Hz,MSI MAG 323UPF
螢幕｜投影機｜壁掛,LG 32UR500-B(2H1P/4ms/VA/含喇叭/FreeSync/HDR10)高畫質編輯顯示器▼下殺到 3/31 23:59,8490,2024-03-17,LG,32UR500,,LG 32UR500-B
螢幕｜投影機｜壁掛,LG 32SR83U-W(2H2C/5ms/IPS/含喇叭)智慧型顯示器搭載 webOS,15900,2024-03-17,LG,32SR83U,,LG 32SR83U-W
螢幕｜投影機｜壁掛,LG 32UN880-B(2H1P1C/5ms/IPS/含喇叭/FreeSync/HDR10)Ergo支架,18333,2024-03-17,LG,32UN880,,LG 32UN880-B
螢幕｜投影機｜壁掛,LG 32GR93U-B(2H1P/1ms/IPS/144Hz/無喇叭/FreeSync Premium Pro/HDR400)HDMI 2.1,19900,2024-03-17,LG,32GR93U,144Hz,LG 32GR93U-B
螢幕｜投影機｜壁掛,LG 32GQ950-B(2H1P/1ms/NanoIPS/144Hz/無喇叭/FreeSync Premium Pro/HDR1000)HDMI 2.1,36900,2024-03-17,LG,32GQ950,144Hz,LG 32GQ950-B
螢幕｜投影機｜壁掛,三星 M7 S32BM702UC(2H1C/4ms/VA/含喇叭/WiFi5/BT4.2)支援AirPlay,9900,2024-03-17,三星,M7,,三星 M7 S32BM702UC
螢幕｜投影機｜壁掛,三星 M7 S32BM703UC(2H1C/4ms/VA/含喇叭/WiFi5/BT4.2)支援AirPlay.白色,9900,2024-03-17,三星,M7,,三星 M7 S32BM703UC
螢幕｜投影機｜壁掛,三星 U32R591CWC(1H1P/4ms/VA曲面/無喇叭)窄框.PBP分割畫面.白色,9900,2024-03-17,三星,U32R591CWC,,三星 U32R591CWC
螢幕｜投影機｜壁掛,三星 S32BG700EC(Odyssey/2H1P/1ms/IPS/144Hz/含喇叭/FreeSync Premium Pro)HDMI 2.1,25382,2024-03-17,三星,S32BG700EC,144Hz,三星 S32BG700EC
螢幕｜投影機｜壁掛,三星 S32BG850NC(Odyssey Neo/2H1P/1ms/VA曲面/240Hz/HDR2000) HDMI 2.1,29600,2024-03-17,三星,S32BG850NC,240Hz,三星 S32BG850NC
螢幕｜投影機｜壁掛,技嘉 M32UC(2H1P1C/1ms/VA曲面/144Hz/含喇叭/HDR400) HDMI 2.1 曲面機種,16800,2024-03-17,技嘉,M32UC,144Hz,技嘉 M32UC
螢幕｜投影機｜壁掛,技嘉 M32U(2H1P1C/1ms/IPS/144Hz/含喇叭/HDR400) HDMI 2.1機種.KVM▼下殺到 3/31 23:59,16888,2024-03-17,技嘉,M32U,144Hz,技嘉 M32U
螢幕｜投影機｜壁掛,技嘉 M32U AE(2H1P1C/1ms/IPS/144Hz/含喇叭/FreeSync Premium Pro/HDR400)HDMI 2.1【少量】,20840,2024-03-17,技嘉,M32U,144Hz,技嘉 M32U AE
螢幕｜投影機｜壁掛,技嘉 FI32U(2H1P/1ms/IPS/144Hz/FreeSync Premium Pro/HDR400)HDMI 2.1 機種 *尾盤,18888,2024-03-17,技嘉,FI32U,144Hz,技嘉 FI32U
螢幕｜投影機｜壁掛,華碩 VP327Q(2H1P/4ms/VA/含喇叭/Adaptive-Sync/HDR10)低藍光.不閃屏,7828,2024-03-17,華碩,VP327Q,,華碩 VP327Q
螢幕｜投影機｜壁掛,華碩 VP32UQ(1H1P/4ms/IPS/含喇叭/Adaptive-Sync/HDR10)薄邊框.低藍光.不閃屏,8880,2024-03-17,華碩,VP32UQ,,華碩 VP32UQ
螢幕｜投影機｜壁掛,華碩 VG32UQA1A(TUF/2H1P/1ms/VA/144Hz/含喇叭/Freesync Premium/HDR400)HDMI 2.1【活動贈】,13888,2024-03-17,華碩,VG32UQA1A,144Hz,華碩 VG32UQA1A
螢幕｜投影機｜壁掛,華碩 XG32UQ(2H1P/1ms/IPS/160Hz/無喇叭/G-SYNC兼容) HDMI 2.1 機種,19488,2024-03-17,華碩,XG32UQ,160Hz,華碩 XG32UQ
螢幕｜投影機｜壁掛,華碩 PG32UQ(2H1P/1ms/IPS/144Hz/含喇叭/G-SYNC兼容) HDMI 2.1 機種,19888,2024-03-17,華碩,PG32UQ,144Hz,華碩 PG32UQ
螢幕｜投影機｜壁掛,華碩 PG32UQXR(2H2P/1ms/IPS/160Hz/無喇叭/FreeSync Premium Pro/HDR1000)HDMI 2.1.Mini LED,39500,2024-03-17,華碩,PG32UQXR,160Hz,華碩 PG32UQXR
螢幕｜投影機｜壁掛,華碩 PA329CRV(2H2P1C/5ms/IPS/含喇叭/Delta E值小於2)支援USB-C 96瓦【活動贈】,19888,2024-03-17,華碩,PA329CRV,,華碩 PA329CRV
螢幕｜投影機｜壁掛,華碩 PA32UCXR(2H1P2C/5ms/IPS/含喇叭/HDR10)支援Thunderbolt 4.Mini-LED【客訂】,99000,2024-03-17,華碩,PA32UCXR,,華碩 PA32UCXR
螢幕｜投影機｜壁掛,LG 34WQ500-B(1H1P/1ms/IPS/100Hz/無喇叭/FreeSync/HDR400)支援智慧螢幕操作▼下殺到 3/31 23:59,6990,2024-03-17,LG,34WQ500,100Hz,LG 34WQ500-B
螢幕｜投影機｜壁掛,ACER ED343CUR V3(2H2P/0.5ms/VA曲面/180Hz/含喇叭/FreeSync Premium/HDR10)【少量】,7999,2024-03-17,ACER,ED343CUR,180Hz,ACER ED343CUR V3
螢幕｜投影機｜壁掛,ACER XV345CUR V3(1H1P1C/0.5ms/VA曲面/180Hz/含喇叭/FreeSync Premium/HDR10),9999,2024-03-17,ACER,XV345CUR,180Hz,ACER XV345CUR V3
螢幕｜投影機｜壁掛,ACER XZ342CU P(2H1P/1ms/VA曲面/144Hz/含喇叭/FreeSync Premium/HDR400) *尾盤,9999,2024-03-17,ACER,XZ342CU,144Hz,ACER XZ342CU P
螢幕｜投影機｜壁掛,ACER XZ342CU S3(2H2P/1ms/VA曲面/180Hz/含喇叭/FreeSync Premium/HDR400),9999,2024-03-17,ACER,XZ342CU,180Hz,ACER XZ342CU S3
螢幕｜投影機｜壁掛,ACER CZ342CUR V(1H1P1C/0.5ms/VA曲面/180Hz/含喇叭/ FreeSync Premium/HDR10),10999,2024-03-17,ACER,CZ342CUR,180Hz,ACER CZ342CUR V
螢幕｜投影機｜壁掛,BenQ MOBIUZ EX3410R(2H1P/1ms/VA曲面/144Hz/含喇叭/FreeSync Premium Pro/HDR400),14888,2024-03-17,BenQ,MOBIUZ,144Hz,BenQ MOBIUZ EX3410R
螢幕｜投影機｜壁掛,【主機搭購】BenQ MOBIUZ EX3410R(2H1P/1ms/VA曲面/144Hz/含喇叭/FreeSync Premium Pro/HDR400),12888,2024-03-17,BenQ,MOBIUZ,144Hz,BenQ MOBIUZ EX3410R
螢幕｜投影機｜壁掛,BenQ PD3420Q(2H1P1C/5ms/IPS/含喇叭/HDR400)專業設計繪圖螢幕.支援PD65W【限量】,26619,2024-03-17,BenQ,PD3420Q,,BenQ PD3420Q
螢幕｜投影機｜壁掛,PHILIPS 34M2C8600(2H1P1C/0.03ms/OLED曲面/175Hz/含喇叭/FreeSync Premium Pro)【客訂】,36888,2024-03-17,PHILIPS,34M2C8600,175Hz,PHILIPS 34M2C8600
螢幕｜投影機｜壁掛,AOC CU34G2XP(2H2P/1ms/VA曲面/180Hz/無喇叭/Adaptive-Sync/HDR400)支援PIP/PBP,10999,2024-03-17,AOC,CU34G2XP,180Hz,AOC CU34G2XP
螢幕｜投影機｜壁掛,DELL P3424WE(1H1P1C/5ms/IPS曲面/無喇叭)支援RJ45網路.集線器曲面顯示器【限量】,28888,2024-03-17,DELL,P3424WE,,DELL P3424WE
螢幕｜投影機｜壁掛,LG 34GP63A-B(2H1P/1ms/VA曲面/160Hz/含喇叭/FreeSync Premium)曲面電競顯示器【少量】,9900,2024-03-17,LG,34GP63A,160Hz,LG 34GP63A-B
螢幕｜投影機｜壁掛,技嘉 GS34WQC(2H1P/1ms/VA曲面/120Hz/無喇叭/FreeSync Premium)低藍光.不閃頻,8612,2024-03-17,技嘉,GS34WQC,120Hz,技嘉 GS34WQC
螢幕｜投影機｜壁掛,技嘉 M34WQ(2H1P1C/1ms/IPS/144Hz/含喇叭/Adaptive-Sync)可調高度.傾斜【少量】,14540,2024-03-17,技嘉,M34WQ,144Hz,技嘉 M34WQ
螢幕｜投影機｜壁掛,MSI PRO MP341CQW(2H1P/1ms/VA曲面/100Hz/含喇叭)低藍光.不閃頻.白色▼下殺到 3/24 23:59,7990,2024-03-17,MSI,PRO,100Hz,MSI PRO MP341CQW
螢幕｜投影機｜壁掛,MSI MAG342CQPV(2H1P/1ms/VA曲面/100Hz/無喇叭/Adaptive-Sync)防閃爍.低藍光,7990,2024-03-17,MSI,MAG342CQPV,100Hz,MSI MAG342CQPV
螢幕｜投影機｜壁掛,MSI MAG342CQR(2H1P/1ms/VA曲面/144Hz/無喇叭/Adaptive-Sync)電競曲面,9888,2024-03-17,MSI,MAG342CQR,144Hz,MSI MAG342CQR
螢幕｜投影機｜壁掛,三星 C34G55TWWC(Odyssey/1H1P/1ms/VA曲面/165Hz/無喇叭/FreeSync/HDR10),9900,2024-03-17,三星,C34G55TWWC,165Hz,三星 C34G55TWWC
螢幕｜投影機｜壁掛,三星 S34A650UBC(1H1P1C/5ms/VA曲面/100Hz/無喇叭/FreeSync/HDR10) *尾盤出清,12200,2024-03-17,三星,S34A650UBC,100Hz,三星 S34A650UBC
螢幕｜投影機｜壁掛,三星 S34C652UAC(1H1P1C/5ms/VA曲面/100Hz/無喇叭/FreeSync/HDR10),13490,2024-03-17,三星,S34C652UAC,100Hz,三星 S34C652UAC
螢幕｜投影機｜壁掛,三星 S34BG850SC(Odyssey/1H1P2C/0.1ms/OLED曲面/175Hz/含喇叭/HDR400)HDMI 2.1▼下殺到 3/31 23:59,39900,2024-03-17,三星,S34BG850SC,175Hz,三星 S34BG850SC
螢幕｜投影機｜壁掛,華碩 VG34VQL3A(TUF/2H2P/1ms/VA曲面/180Hz/含喇叭/Freesync Premium Pro/HDR400),9888,2024-03-17,華碩,VG34VQL3A,180Hz,華碩 VG34VQL3A
螢幕｜投影機｜壁掛,華碩 PA34VCNV(2H2P1C/5ms/IPS曲面/含喇叭/Adaptive-Sync/HDR10)曲面專業顯示器,17788,2024-03-17,華碩,PA34VCNV,,華碩 PA34VCNV
螢幕｜投影機｜壁掛,華碩PG38UQ(2H1P/1ms/Fast IPS/144Hz/含喇叭/FreeSync Premium Pro/HDR600)HDMI 2.1【少量】,28992,2024-03-17,Fast,IPS,144Hz,華碩PG38UQ
螢幕｜投影機｜壁掛,MSI MAG401QR(2H1P1C/1ms/IPS/155Hz/無喇叭/Adaptive-Sync/HDR400)電競螢幕,16900,2024-03-17,MSI,MAG401QR,155Hz,MSI MAG401QR
螢幕｜投影機｜壁掛,PHILIPS 42M2N8900(2H1P1C/0.1ms/OLED/138Hz/含喇叭/Adaptive-Sync)HDMI 2.1【客訂】▼下殺到 3/31 23:59,32888,2024-03-17,PHILIPS,42M2N8900,138Hz,PHILIPS 42M2N8900
螢幕｜投影機｜壁掛,ACER X45(2H1P1C/0.03ms/OLED曲面/240Hz/含喇叭/FreeSync Premium)調整高低.傾斜,44900,2024-03-17,ACER,X45,240Hz,ACER X45
螢幕｜投影機｜壁掛,LG 48GQ900-B(3H1P/0.1ms/OLED/138Hz/含喇叭/FreeSync Premium)HDMI 2.1.兩年保,29888,2024-03-17,LG,48GQ900,138Hz,LG 48GQ900-B
螢幕｜投影機｜壁掛,技嘉 FO48U(2H1P/1ms/OLED/120Hz/含喇叭/FreeSync Premium/HDR10)HDMI 2.1,29999,2024-03-17,技嘉,FO48U,120Hz,技嘉 FO48U
螢幕｜投影機｜壁掛,華碩 XG49VQ(ROG/2H1P/4ms/VA曲面/144Hz/含喇叭/FreeSync 2/HDR400)專業電競,19788,2024-03-17,華碩,XG49VQ,144Hz,華碩 XG49VQ
螢幕｜投影機｜壁掛,PHILIPS 498P9Z(3H1P/4ms/VA曲面/165Hz/Adaptive-Sync/HDR400)內建KVM【限量】,27888,2024-03-17,PHILIPS,498P9Z,165Hz,PHILIPS 498P9Z
螢幕｜投影機｜壁掛,LG 49GR85DC-B(2H1P/1ms/VA曲面/240Hz/FreeSync Premium Pro/HDR1000)HDMI 2.1(2年保),34823,2024-03-17,LG,49GR85DC,240Hz,LG 49GR85DC-B
螢幕｜投影機｜壁掛,三星 S49CG934SC(2H1P/0.03ms/OLED曲面/240Hz/FreeSync Premium Pro/HDR400)HDMI2.1【客訂】▼下殺到 3/31 23:59,44900,2024-03-17,三星,S49CG934SC,240Hz,三星 S49CG934SC
螢幕｜投影機｜壁掛,三星 S49CG954SC(2H1P/0.03ms/OLED曲面/240Hz/FreeSync Premium Pro/HDR400)HDMI2.1【客訂】,54900,2024-03-17,三星,S49CG954SC,240Hz,三星 S49CG954SC
螢幕｜投影機｜壁掛,技嘉 CO49DQ(2H1P1C/0.03ms/OLED曲面/144Hz/含喇叭/FreeSync Premium Pro/ClearMR 8000)HDMI 2.1.兩年保【客訂】,45990,2024-03-17,技嘉,CO49DQ,144Hz,技嘉 CO49DQ
螢幕｜投影機｜壁掛,華碩 XG49WCR(ROG/1H1P1C/1ms/VA曲面/165Hz/含喇叭/Adaptive-Sync/HDR400)ELMB Sync,29888,2024-03-17,華碩,XG49WCR,165Hz,華碩 XG49WCR
螢幕｜投影機｜壁掛,三星 S55CG970NC(Ark2/3H1P/1ms/VA曲/165Hz/含喇叭/FreeSync Premium Pro)Mini LED.HDMI 2.1【客訂指送】,99800,2024-03-17,三星,S55CG970NC,165Hz,三星 S55CG970NC
螢幕｜投影機｜壁掛,三星 S57CG952NC(3H1P/1ms/VA曲/240Hz/FreeSync Premium Pro/HDR1000)Mini LED.HDMI2.1【客訂】▼下殺到 3/31 23:59,69900,2024-03-17,三星,S57CG952NC,240Hz,三星 S57CG952NC
螢幕｜投影機｜壁掛,AOPEN 16PM1Q B可攜式顯示器(15.6吋)(1920*1080 IPS)(4ms/USB-C/Mini HDMI)【優惠洽門市】,2990,2024-03-17,AOPEN,16PM1Q,,AOPEN 16PM1Q B
螢幕｜投影機｜壁掛,MNN HSD156P1可攜式顯示器(15.6吋)(1920*1080 IPS)(USB-C/Mini HDMI),2999,2024-03-17,MNN,HSD156P1可攜式顯示器,,MNN HSD156P1
螢幕｜投影機｜壁掛,LG gram+view 16MR70 (16吋)(2560x1600 IPS)(1200:1)(USB-C),9603,2024-03-17,LG,gram,,LG gram+view 16MR70
螢幕｜投影機｜壁掛,MSI PRO MP161 E2 商務隨身螢幕(15.6吋)(1920*1080 IPS)(800:1)(USB-C)【優惠洽門市】,4990,2024-03-17,MSI,PRO,,MSI PRO MP161 E2
螢幕｜投影機｜壁掛,ViewSonic VG1655可攜式(15.6吋)(1920*1080 IPS)(800:1/6.5ms)(USB-C)(Mini HDMI),5688,2024-03-17,ViewSonic,VG1655可攜式,,ViewSonic VG1655
螢幕｜投影機｜壁掛,ViewSonic TD1655觸控螢幕(15.6吋)(1920*1080 IPS)(800:1/6.5ms)(10點電容式觸控),7652,2024-03-17,ViewSonic,TD1655觸控螢幕,,ViewSonic TD1655
螢幕｜投影機｜壁掛,ViewSonic VP16-OLED可攜式專業(15.6吋)(1920*1080 OLED)(1ms)(USB-C)【少量】,12599,2024-03-17,ViewSonic,VP16,,ViewSonic VP16-OLED
螢幕｜投影機｜壁掛,華碩 MB14AC [ZenScreen]可攜式(14.1吋)(1920*1080 IPS)(700:1/5ms)(USB-C),5988,2024-03-17,華碩,MB14AC,,華碩 MB14AC
螢幕｜投影機｜壁掛,華碩 PA148CTV[ProArt Display]可攜式(14吋)(1920*1080 IPS)(700:1/5ms),9592,2024-03-17,華碩,PA148CTV,,華碩 PA148CTV
螢幕｜投影機｜壁掛,華碩 MB166C[ZenScreen]可攜式(15.6吋)(1920*1080 IPS)(800:1/5ms)(USB-C),3869,2024-03-17,華碩,MB166C,,華碩 MB166C[ZenScreen]
螢幕｜投影機｜壁掛,華碩 MB16ACV[ZenScreen]可攜式(15.6吋)(1920*1080 IPS)(800:1/5ms)(USB-C),4988,2024-03-17,華碩,MB16ACV,,華碩 MB16ACV
螢幕｜投影機｜壁掛,華碩 MB16AHV[ZenScreen]可攜式(15.6吋)(1920*1080 IPS)(800:1/5ms)(USB-C/Mini HDMI),5809,2024-03-17,華碩,MB16AHV,,華碩 MB16AHV
螢幕｜投影機｜壁掛,華碩 MB16AHG[ZenScreen](15.6吋)(1920*1080 IPS/144Hz)(1200:1/3ms)(USB-C),7749,2024-03-17,華碩,MB16AHG,144Hz,華碩 MB16AHG[ZenScreen]
螢幕｜投影機｜壁掛,華碩 MB16QHG[ZenScreen](15.6吋)(2560*1600 IPS/120Hz)(1200:1/5ms) 【少量】,10888,2024-03-17,華碩,MB16QHG,120Hz,華碩 MB16QHG[ZenScreen]
螢幕｜投影機｜壁掛,華碩 MB16AWP[ZenScreen GO](15.6吋)(1920*1080 IPS)(1200:1/5ms)(USB-C)(Mini HDMI),12566,2024-03-17,華碩,MB16AWP,,華碩 MB16AWP[ZenScreen GO]
螢幕｜投影機｜壁掛,華碩 MQ16AH[ZenScreen OLED](15.6吋)(1920*1080 OLED)(1000000:1/1ms)(USB-C),9988,2024-03-17,華碩,MQ16AH,,華碩 MQ16AH[ZenScreen OLED]
螢幕｜投影機｜壁掛,華碩 PA169CDV[ProArt Display]觸控可攜式(15.6吋)(3840*2160 IPS)(15000:1/10ms)(USB-C),29500,2024-03-17,華碩,PA169CDV,,華碩 PA169CDV
螢幕｜投影機｜壁掛,華碩 MB17AHG[ZenScreen](17.3吋)(1920*1080 IPS/144Hz)(800:1/5ms)(USB-C)(HDMI)【少量】,9880,2024-03-17,華碩,MB17AHG,144Hz,華碩 MB17AHG[ZenScreen]
螢幕｜投影機｜壁掛,華碩 XG17AHP[ROG STRIX]電競(17.3吋)(1920*1080 IPS/240Hz)(1000:1/3ms),16768,2024-03-17,華碩,XG17AHP,240Hz,華碩 XG17AHP
螢幕｜投影機｜壁掛,華碩 MB249C[ZenScreen](23.8吋)(1920*1080 IPS)(1000:1/5ms)支援三種支架模組,9900,2024-03-17,華碩,MB249C,,華碩 MB249C[ZenScreen]
螢幕｜投影機｜壁掛,BenQ WiT ScreenBar 螢幕智能掛燈 / 環境光感應器.偵測桌面照度 *尾盤,2990,2024-03-17,BenQ,WiT,,BenQ WiT ScreenBar
螢幕｜投影機｜壁掛,BenQ WiT ScreenBar Plus 螢幕智能掛燈 / 環境光感應器.偵測桌面照度,3690,2024-03-17,BenQ,WiT,,BenQ WiT ScreenBar Plus
螢幕｜投影機｜壁掛,BenQ WiT ScreenBar Halo 螢幕智能掛燈 /自動補光/無線控制 / 支援曲面螢幕,4290,2024-03-17,BenQ,WiT,,BenQ WiT ScreenBar Halo
螢幕｜投影機｜壁掛,Raymii RTOP-129 可調節式鋁合金增高支架/閱讀、筆電、平板皆可用/承重5kg,1299,2024-03-17,Raymii,RTOP,,Raymii RTOP-129
螢幕｜投影機｜壁掛,Raymii R17 六段式隨身折疊鋁合金筆電架/通用於17吋以下筆電/折疊式設計/黑色,449,2024-03-17,Raymii,R17,,Raymii R17
螢幕｜投影機｜壁掛,Raymii R17 六段式隨身折疊鋁合金筆電架/通用於17吋以下筆電/折疊式設計/銀色,449,2024-03-17,Raymii,R17,,Raymii R17
螢幕｜投影機｜壁掛,Raymii R64 六段式 鋁合金筆電折疊增高支架/適用15.6吋以下筆電、平板/銀色,599,2024-03-17,Raymii,R64,,Raymii R64
螢幕｜投影機｜壁掛,Raymii R64 六段式 鋁合金筆電折疊增高支架/適用15.6吋以下筆電、平板/灰色,599,2024-03-17,Raymii,R64,,Raymii R64
螢幕｜投影機｜壁掛,Raymii R128 可調整式鋁合金筆電增高架/承載10KG/支援15.6吋筆電/銀,1199,2024-03-17,Raymii,R128,,Raymii R128
螢幕｜投影機｜壁掛,Raymii RR-79 可升降鋁合金筆電架/增高架/筆電支架/承載8KG/支援15.6吋筆電,1449,2024-03-17,Raymii,RR,,Raymii RR-79
螢幕｜投影機｜壁掛,微星 MSI MAG-MT81 (單螢幕/夾桌式/氣壓桿)承重 8KG,1950,2024-03-17,微星,MSI,,MSI MAG-MT81
螢幕｜投影機｜壁掛,FOGIM TKLA-6033C1-S(三螢幕/夾桌/懸臂式)承載30KG/台製終保,3790,2024-03-17,FOGIM,TKLA,,FOGIM TKLA-6033C1-S
螢幕｜投影機｜壁掛,Cougar DUO35 (雙螢幕/穿夾兩用/氣壓式)承重20KG/USB3.0*2/24~35 吋,3800,2024-03-17,Cougar,DUO35,,Cougar DUO35
螢幕｜投影機｜壁掛,Raymii OA1 鋁合金電腦桌手臂支撐架/六段可調整/專業人體工學設計,849,2024-03-17,Raymii,OA1,,Raymii OA1
螢幕｜投影機｜壁掛,Raymii OS5(單螢幕/夾桌式/關節式)承載10KG/10-32吋/基本款支架,899,2024-03-17,Raymii,OS5,,Raymii OS5
螢幕｜投影機｜壁掛,Raymii MH2(單螢幕/屏風懸掛式/關節式)承載8KG/13-34吋/適合辦公室螢幕支架,949,2024-03-17,Raymii,MH2,,Raymii MH2
螢幕｜投影機｜壁掛,Raymii MH1 (單螢幕/桌上型/關節式)承載8KG/15-32吋/360度環繞旋轉，方便橫看，豎看,995,2024-03-17,Raymii,MH1,,Raymii MH1
螢幕｜投影機｜壁掛,Raymii LH2 (單螢幕/桌上型立式)承載8KG/15-32吋/360度環繞旋轉，方便橫看，豎看,1100,2024-03-17,Raymii,LH2,,Raymii LH2
螢幕｜投影機｜壁掛,Raymii LS28 (雙螢幕/桌上型立式)承載7KG/17-27吋/360度環繞旋轉，方便橫看，豎看,2099,2024-03-17,Raymii,LS28,,Raymii LS28
螢幕｜投影機｜壁掛,Raymii LS10 (單螢幕/穿夾兩用/氣壓式)承載9KG/17-32吋,999,2024-03-17,Raymii,LS10,,Raymii LS10
螢幕｜投影機｜壁掛,Raymii OS6 (單螢幕/夾桌式/關節式/雙延伸臂)承載10KG/10-32吋/鋁合金懸臂,1099,2024-03-17,Raymii,OS6,,Raymii OS6
螢幕｜投影機｜壁掛,Raymii VS5 (單螢幕/穿夾兩用/關節式/雙延伸臂)承載8KG/15-32吋/黑色,1349,2024-03-17,Raymii,VS5,,Raymii VS5
螢幕｜投影機｜壁掛,Raymii VS1 (單螢幕/鎖牆面/氣壓式/雙延伸臂)承載8KG/15-32吋,1699,2024-03-17,Raymii,VS1,,Raymii VS1
螢幕｜投影機｜壁掛,Raymii OS2 (單螢幕/穿夾兩用/氣壓式/)承載12KG/17-32吋/鋁合金支架/黑色,1999,2024-03-17,Raymii,OS2,,Raymii OS2
螢幕｜投影機｜壁掛,Raymii VS59 (單螢幕/穿夾兩用/氣壓式/)承載12KG/13-36吋/鋁合金支架/黑色,2099,2024-03-17,Raymii,VS59,,Raymii VS59
螢幕｜投影機｜壁掛,Raymii VS59 (單螢幕/穿夾兩用/氣壓式/)承載12KG/13-36吋/鋁合金支架/白色,2099,2024-03-17,Raymii,VS59,,Raymii VS59
螢幕｜投影機｜壁掛,Raymii LSU-7 (單螢幕/穿夾兩用/機械彈簧)承載8KG/17-32吋/USB3.0/亞麻布質感設計/黑,2190,2024-03-17,Raymii,LSU,,Raymii LSU-7
螢幕｜投影機｜壁掛,Raymii HALO-1M1 (單螢幕/穿夾兩用/氣壓式/)承載20KG/15-42吋/USB3.0*2/黑色,2399,2024-03-17,Raymii,HALO,,Raymii HALO-1M1
螢幕｜投影機｜壁掛,Raymii HALO-1M1 (單螢幕/穿夾兩用/氣壓式/)承載20KG/15-42吋/USB3.0*2/白色,2399,2024-03-17,Raymii,HALO,,Raymii HALO-1M1
螢幕｜投影機｜壁掛,Raymii VADER LS61-M1 RGB (單螢幕/穿夾兩用/氣壓式/)承載20KG/17-49吋/黑色,2999,2024-03-17,Raymii,VADER,,Raymii VADER LS61-M1 RGB
螢幕｜投影機｜壁掛,Raymii VADER LS61-M1 RGB (單螢幕/穿夾兩用/氣壓式/)承載20KG/17-49吋/白色,2999,2024-03-17,Raymii,VADER,,Raymii VADER LS61-M1 RGB
螢幕｜投影機｜壁掛,Raymii NEON LS34-1M RGB 灰色 (單螢幕/穿夾兩用/機械彈簧式/)承載9KG/17-32吋),1990,2024-03-17,Raymii,NEON,,Raymii NEON LS34-1M RGB
螢幕｜投影機｜壁掛,Raymii NEON LS34-1M RGB 白色 (單螢幕/穿夾兩用/機械彈簧式/)承載9KG/17-32吋),1990,2024-03-17,Raymii,NEON,,Raymii NEON LS34-1M RGB
螢幕｜投影機｜壁掛,Raymii VS31 (雙螢幕/穿夾兩用/氣壓式/)每隻承載8KG/15-32吋,2500,2024-03-17,Raymii,VS31,,Raymii VS31
螢幕｜投影機｜壁掛,Raymii VS30-NB (單螢幕+筆電托盤/穿夾兩用/氣壓式/)每隻承載8KG/15-32吋/筆電19吋,3249,2024-03-17,Raymii,VS30,,Raymii VS30-NB
螢幕｜投影機｜壁掛,Raymii VS60 (雙螢幕/穿夾兩用/氣壓式/)單隻承載9KG/13-32吋/鋁合金支架/黑色,3750,2024-03-17,Raymii,VS60,,Raymii VS60
螢幕｜投影機｜壁掛,Raymii VS60 (雙螢幕/穿夾兩用/氣壓式/)單隻承載9KG/13-32吋/鋁合金支架/白色,3750,2024-03-17,Raymii,VS60,,Raymii VS60
螢幕｜投影機｜壁掛,Raymii HALO-1M2 (雙螢幕/穿夾兩用/氣壓式/)承載20KG/15-42吋/USB3.0*2/黑色,4090,2024-03-17,Raymii,HALO,,Raymii HALO-1M2
螢幕｜投影機｜壁掛,Raymii HALO-1M2 (雙螢幕/穿夾兩用/氣壓式/)承載20KG/15-42吋/USB3.0*2/白色,4090,2024-03-17,Raymii,HALO,,Raymii HALO-1M2
螢幕｜投影機｜壁掛,Raymii VADER LS61-M2 RGB (雙螢幕/穿夾兩用/氣壓式/)承載20KG/17-35吋/黑色,5000,2024-03-17,Raymii,VADER,,Raymii VADER LS61-M2 RGB
螢幕｜投影機｜壁掛,Raymii VADER LS61-M2 RGB (雙螢幕/穿夾兩用/氣壓式/)承載20KG/17-35吋/白色,5000,2024-03-17,Raymii,VADER,,Raymii VADER LS61-M2 RGB
螢幕｜投影機｜壁掛,銀欣 SST-ARM11BC單螢幕桌上型懸掛架/可調扭力式懸臂,1999,2024-03-17,銀欣,SST,,銀欣 SST-ARM11BC
螢幕｜投影機｜壁掛,銀欣 SST-ARM11SC單螢幕桌上型懸掛架/可調扭力式懸臂,1999,2024-03-17,銀欣,SST,,銀欣 SST-ARM11SC
螢幕｜投影機｜壁掛,銀欣 SST-ARM13 (單螢幕/機械彈簧設計/穿夾兩用/最大支援32吋or9公斤),1990,2024-03-17,銀欣,SST,,銀欣 SST-ARM13
螢幕｜投影機｜壁掛,銀欣 SST-ARM14 (單螢幕/氣壓彈簧設計/穿夾兩用/最大支援49吋or20公斤),2990,2024-03-17,銀欣,SST,,銀欣 SST-ARM14
螢幕｜投影機｜壁掛,銀欣 SST-ARM21B 雙螢幕氣壓棒/穿夾兩用.內附理線槽(黑)最大支援32吋 or 9公斤,2990,2024-03-17,銀欣,SST,,銀欣 SST-ARM21B
螢幕｜投影機｜壁掛,銀欣 SST-ARM25 (雙螢幕/機械彈簧設計/穿夾兩用/最大支援32吋or9公斤),3290,2024-03-17,銀欣,SST,,銀欣 SST-ARM25
螢幕｜投影機｜壁掛,銀欣 SST-ARM22SC雙螢幕桌上型懸掛架/可調扭力式懸臂/銀/台製,5900,2024-03-17,銀欣,SST,,銀欣 SST-ARM22SC
