class,name,price,etl_date,brand,tdp,rpm,type,model
散熱器｜散熱墊｜散熱膏,利民 M.2 2280 TYPE A B SSD 固態硬碟散熱片/鋁合金/單雙面皆適用,199,2024-03-17,利民,Unknown,Unknown,Unknown,利民 M.2 2280 TYPE A B SSD 固態硬碟散熱片/鋁合金/單雙面皆適用
散熱器｜散熱墊｜散熱膏,利民 M.2 2280 SSD 固態硬碟散熱片/鋁合金/單雙面皆適用,350,2024-03-17,利民,Unknown,Unknown,Unknown,利民 M.2 2280 SSD 固態硬碟散熱片/鋁合金/單雙面皆適用
散熱器｜散熱墊｜散熱膏,利民 M.2 2280 PRO SSD 固態硬碟散熱片/鋁合金+8 mm純銅導管/單雙面皆適用,400,2024-03-17,利民,Unknown,Unknown,Unknown,利民 M.2 2280 PRO SSD 固態硬碟散熱片/鋁合金+8 mm純銅導管/單雙面皆適用
散熱器｜散熱墊｜散熱膏,利民 HR-09 2280 SSD 固態硬碟散熱器/6 mm熱導管/電鍍鰭片/單雙面皆適用,550,2024-03-17,利民,Unknown,Unknown,Unknown,利民 HR-09 2280 SSD 固態硬碟散熱器/6 mm熱導管/電鍍鰭片/單雙面皆適用
散熱器｜散熱墊｜散熱膏,利民 HR-10 2280 PRO SSD 固態硬碟散熱器/4導管/3CM PWM風扇/單雙面皆適用,690,2024-03-17,利民,Unknown,Unknown,氣冷式,利民 HR-10 2280 PRO SSD 固態硬碟散熱器/4導管/3CM PWM風扇/單雙面皆適用
散熱器｜散熱墊｜散熱膏,快睿 Frostbit M.2 散熱片/2280/雙導管/可調式散熱鰭片,790,2024-03-17,快睿,Unknown,Unknown,Unknown,快睿 Frostbit M.2 散熱片/2280/雙導管/可調式散熱鰭片
散熱器｜散熱墊｜散熱膏,Montech Air Cooler 210 6導管/高度15.3cm/全黑化/A.RGB/TDP:210W【WXHZ】,1090,2024-03-17,Montech,210W,Unknown,Unknown,Montech Air Cooler 210 6導管/高度15.3cm/全黑化/A.RGB/TDP:210W【WXHZ】
散熱器｜散熱墊｜散熱膏,Montech Metal DT24 Base 6導管/高度15.3/雙塔雙扇/TDP:270W【WXHZ】,1590,2024-03-17,Montech,270W,Unknown,Unknown,Montech Metal DT24 Base 6導管/高度15.3/雙塔雙扇/TDP:270W【WXHZ】
散熱器｜散熱墊｜散熱膏,Montech Metal DT24 Premium 6導管/高15.8/雙塔雙扇/全黑化/ARGB鋁質上蓋【WXHZ】,1890,2024-03-17,Montech,Unknown,Unknown,Unknown,Montech Metal DT24 Premium 6導管/高15.8/雙塔雙扇/全黑化/ARGB鋁質上蓋【WXHZ】
散熱器｜散熱墊｜散熱膏,ID-COOLING IS-40X 散熱器 下吹式/4導管/高4.5/全黑化/TDP:100W【WXZ】,790,2024-03-17,ID-COOLING,100W,Unknown,Unknown,ID-COOLING IS-40X 散熱器 下吹式/4導管/高4.5/全黑化/TDP:100W【WXZ】
散熱器｜散熱墊｜散熱膏,ID-COOLING IS-50X 散熱器 下吹式/5導管/高5.5/全黑化/TDP:105W【WXZ】,890,2024-03-17,ID-COOLING,105W,Unknown,Unknown,ID-COOLING IS-50X 散熱器 下吹式/5導管/高5.5/全黑化/TDP:105W【WXZ】
散熱器｜散熱墊｜散熱膏,ID-COOLING SE-214-XT BASIC 散熱器/4導管/高15/TDP:180W【WXHZ】,590,2024-03-17,ID-COOLING,180W,Unknown,Unknown,ID-COOLING SE-214-XT BASIC 散熱器/4導管/高15/TDP:180W【WXHZ】
散熱器｜散熱墊｜散熱膏,ID-COOLING SE-224-XTS BLACK 散熱器/4導管/高15.1/全黑化/TDP:220W【WXHZ】,790,2024-03-17,ID-COOLING,220W,Unknown,Unknown,ID-COOLING SE-224-XTS BLACK 散熱器/4導管/高15.1/全黑化/TDP:220W【WXHZ】
散熱器｜散熱墊｜散熱膏,ID-COOLING SE-224-XTS WHITE 散熱器/4導管/高15.1/白色上蓋/白扇(白光)【WXHZ】,790,2024-03-17,ID-COOLING,Unknown,Unknown,Unknown,ID-COOLING SE-224-XTS WHITE 散熱器/4導管/高15.1/白色上蓋/白扇(白光)【WXHZ】
散熱器｜散熱墊｜散熱膏,ID-COOLING SE-206-XT 散熱器/6導管/雙塔雙扇/高15.6/TDP:250W【WXHZ】,1090,2024-03-17,ID-COOLING,250W,Unknown,Unknown,ID-COOLING SE-206-XT 散熱器/6導管/雙塔雙扇/高15.6/TDP:250W【WXHZ】
散熱器｜散熱墊｜散熱膏,ID-COOLING SE-206-XT BLACK /6導管/雙塔雙扇/高15.3/全黑化/TDP:250W【WXHZ】,1290,2024-03-17,ID-COOLING,250W,Unknown,Unknown,ID-COOLING SE-206-XT BLACK /6導管/雙塔雙扇/高15.3/全黑化/TDP:250W【WXHZ】
散熱器｜散熱墊｜散熱膏,ID-COOLING SE-206-XT WHITE /6導管/雙塔雙扇/高15.3/白化版/TDP:250W【WXHZ】,1290,2024-03-17,ID-COOLING,250W,Unknown,Unknown,ID-COOLING SE-206-XT WHITE /6導管/雙塔雙扇/高15.3/白化版/TDP:250W【WXHZ】
散熱器｜散熱墊｜散熱膏,ID-COOLING SE-226-XT-ARGB 散熱器/6導管/高15.4/全黑化/雙滾珠風扇【WXHZ】,1390,2024-03-17,ID-COOLING,Unknown,Unknown,氣冷式,ID-COOLING SE-226-XT-ARGB 散熱器/6導管/高15.4/全黑化/雙滾珠風扇【WXHZ】
散熱器｜散熱墊｜散熱膏,ID-COOLING SE-226-XT-ARGB SNOW /6導管/高15.4/白化/偏移不干涉【WXHZ】,1390,2024-03-17,ID-COOLING,Unknown,Unknown,Unknown,ID-COOLING SE-226-XT-ARGB SNOW /6導管/高15.4/白化/偏移不干涉【WXHZ】
散熱器｜散熱墊｜散熱膏,be quiet! PURE ROCK 2 BLACK 4導管/高度15.5cm/TDP:150W【WXHZ】,1290,2024-03-17,be,150W,Unknown,Unknown,be quiet! PURE ROCK 2 BLACK 4導管/高度15.5cm/TDP:150W【WXHZ】
散熱器｜散熱墊｜散熱膏,be quiet! PURE ROCK 2 FX BLACK 4導管/高度15.5/ARGB風扇/TDP:150W【WXHZ】,1690,2024-03-17,be,150W,Unknown,氣冷式,be quiet! PURE ROCK 2 FX BLACK 4導管/高度15.5/ARGB風扇/TDP:150W【WXHZ】
散熱器｜散熱墊｜散熱膏,be quiet! DARK ROCK PRO 5 /7導管/高度16.8cm/速度切換開關/TDP:270W【WXHZ】,3290,2024-03-17,be,270W,Unknown,Unknown,be quiet! DARK ROCK PRO 5 /7導管/高度16.8cm/速度切換開關/TDP:270W【WXHZ】
散熱器｜散熱墊｜散熱膏,be quiet! DARK ROCK ELITE /7導管/高16.8/ARGB/速度切換開關/TDP:280W【WXHZ】,3690,2024-03-17,be,280W,Unknown,Unknown,be quiet! DARK ROCK ELITE /7導管/高16.8/ARGB/速度切換開關/TDP:280W【WXHZ】
散熱器｜散熱墊｜散熱膏,COUGAR FORZA 50 ESSENTIAL/4導管(6mm)/高15.5cm【WXHZ】▼下殺到 3/31 20:00,699,2024-03-17,COUGAR,Unknown,Unknown,Unknown,COUGAR FORZA 50 ESSENTIAL/4導管(6mm)/高15.5cm【WXHZ】▼下殺到 3/31 20:00
散熱器｜散熱墊｜散熱膏,COUGAR FORZA 50 /4導管(6mm)/高15.5cm/金屬上蓋/MHP120效能扇【WXHZ】,1490,2024-03-17,COUGAR,Unknown,Unknown,Unknown,COUGAR FORZA 50 /4導管(6mm)/高15.5cm/金屬上蓋/MHP120效能扇【WXHZ】
散熱器｜散熱墊｜散熱膏,COUGAR FORZA 85 ESSENTIAL/6導管(6mm)/高16cm/電鍍回流焊【WXHZ】,1390,2024-03-17,COUGAR,Unknown,Unknown,Unknown,COUGAR FORZA 85 ESSENTIAL/6導管(6mm)/高16cm/電鍍回流焊【WXHZ】
散熱器｜散熱墊｜散熱膏,COUGAR FORZA 85 /6導管(6mm)/高16cm/金屬上蓋/電鍍回流焊【WXHZ】,1990,2024-03-17,COUGAR,Unknown,Unknown,Unknown,COUGAR FORZA 85 /6導管(6mm)/高16cm/金屬上蓋/電鍍回流焊【WXHZ】
散熱器｜散熱墊｜散熱膏,利民 LGA17XX-SS2 扣具 /支援AS AK TA PA120,60,2024-03-17,利民,Unknown,Unknown,Unknown,利民 LGA17XX-SS2 扣具 /支援AS AK TA PA120
散熱器｜散熱墊｜散熱膏,利民 AXP90-X47 下吹式 4導管(6mm)/高4.7/AGHP 逆重力導管【WXHZ】,950,2024-03-17,利民,Unknown,Unknown,Unknown,利民 AXP90-X47 下吹式 4導管(6mm)/高4.7/AGHP 逆重力導管【WXHZ】
散熱器｜散熱墊｜散熱膏,利民 AXP90-X47 白化版 下吹式 4導管(6mm)/高4.7/AGHP 逆重力導管【WXHZ】,1050,2024-03-17,利民,Unknown,Unknown,Unknown,利民 AXP90-X47 白化版 下吹式 4導管(6mm)/高4.7/AGHP 逆重力導管【WXHZ】
散熱器｜散熱墊｜散熱膏,利民 AXP120-X67 下吹式 6導管(6mm)/TL-C12015薄扇/高6.7【WXHZ】,1390,2024-03-17,利民,Unknown,Unknown,Unknown,利民 AXP120-X67 下吹式 6導管(6mm)/TL-C12015薄扇/高6.7【WXHZ】
散熱器｜散熱墊｜散熱膏,利民 Assassin X 120 R SE /4導管(6mm)/高14.8/AGHP3.0逆重力導管【WXHZ】,690,2024-03-17,利民,Unknown,Unknown,Unknown,利民 Assassin X 120 R SE /4導管(6mm)/高14.8/AGHP3.0逆重力導管【WXHZ】
散熱器｜散熱墊｜散熱膏,利民 Assassin X 120 R SE ARGB 白化版/4導管(6mm)/高14.8/AGHP3.0導管【WXHZ】,850,2024-03-17,利民,Unknown,Unknown,Unknown,利民 Assassin X 120 R SE ARGB 白化版/4導管(6mm)/高14.8/AGHP3.0導管【WXHZ】
散熱器｜散熱墊｜散熱膏,利民 Assassin Spirit 120 Plus V2 刺靈/4導管(6mm)/正反向雙扇/高15.4【WXHZ】,790,2024-03-17,利民,Unknown,Unknown,Unknown,利民 Assassin Spirit 120 Plus V2 刺靈/4導管(6mm)/正反向雙扇/高15.4【WXHZ】
散熱器｜散熱墊｜散熱膏,利民 Burst Assassin 120 /6導管(6mm)/高15.4cm【WXHZ】,990,2024-03-17,利民,Unknown,Unknown,Unknown,利民 Burst Assassin 120 /6導管(6mm)/高15.4cm【WXHZ】
散熱器｜散熱墊｜散熱膏,利民 Burst Assassin 120 ARGB /6導管(6mm)/高15.4cm【WXHZ】,1050,2024-03-17,利民,Unknown,Unknown,Unknown,利民 Burst Assassin 120 ARGB /6導管(6mm)/高15.4cm【WXHZ】
散熱器｜散熱墊｜散熱膏,利民 Peerless Assassin 120 /6導管(6mm)/雙塔雙扇/高15.7cm【WXHZ】,1350,2024-03-17,利民,Unknown,Unknown,Unknown,利民 Peerless Assassin 120 /6導管(6mm)/雙塔雙扇/高15.7cm【WXHZ】
散熱器｜散熱墊｜散熱膏,利民 Peerless Assassin 120 SE ARGB 白化版/6導管/雙塔雙扇/高15.5【WXHZ】,1490,2024-03-17,利民,Unknown,Unknown,Unknown,利民 Peerless Assassin 120 SE ARGB 白化版/6導管/雙塔雙扇/高15.5【WXHZ】
散熱器｜散熱墊｜散熱膏,利民 Phantom Spirit 120 /7導管(6mm)/雙塔雙扇/高15.7cm/陽極黑上蓋【WXHZ】,1490,2024-03-17,利民,Unknown,Unknown,Unknown,利民 Phantom Spirit 120 /7導管(6mm)/雙塔雙扇/高15.7cm/陽極黑上蓋【WXHZ】
散熱器｜散熱墊｜散熱膏,利民 Phantom Spirit 120 EVO /7導管(6mm)/雙塔雙扇(ARGB)/高15.7/全黑化【WXHZ】,1890,2024-03-17,利民,Unknown,Unknown,Unknown,利民 Phantom Spirit 120 EVO /7導管(6mm)/雙塔雙扇(ARGB)/高15.7/全黑化【WXHZ】
散熱器｜散熱墊｜散熱膏,利民 Frost Commander 140 /5導管(8mm)/12+14雙扇/雙塔/高16【WXHZ】,1990,2024-03-17,利民,Unknown,Unknown,Unknown,利民 Frost Commander 140 /5導管(8mm)/12+14雙扇/雙塔/高16【WXHZ】
散熱器｜散熱墊｜散熱膏,利民 Frost Commander 140 白化版/5導管/12+14雙扇/雙塔/高16【WXHZ】,2290,2024-03-17,利民,Unknown,Unknown,Unknown,利民 Frost Commander 140 白化版/5導管/12+14雙扇/雙塔/高16【WXHZ】
散熱器｜散熱墊｜散熱膏,利民 Silver Soul 135 /6導管(6mm)/雙塔/高13.5cm/電鍍回流焊【WXHZ】,1590,2024-03-17,利民,Unknown,Unknown,Unknown,利民 Silver Soul 135 /6導管(6mm)/雙塔/高13.5cm/電鍍回流焊【WXHZ】
散熱器｜散熱墊｜散熱膏,DEEPCOOL AG400 /4導管(6mm)/高15cm【WXHZ】,690,2024-03-17,DEEPCOOL,Unknown,Unknown,Unknown,DEEPCOOL AG400 /4導管(6mm)/高15cm【WXHZ】
散熱器｜散熱墊｜散熱膏,DEEPCOOL AG400 PLUS /4導管(6mm)/雙風扇/高15cm/TDP:220W【WXHZ】,890,2024-03-17,DEEPCOOL,220W,Unknown,氣冷式,DEEPCOOL AG400 PLUS /4導管(6mm)/雙風扇/高15cm/TDP:220W【WXHZ】
散熱器｜散熱墊｜散熱膏,DEEPCOOL AG400 ARGB /4導管(6mm)/高15cm/TDP:220W【WXHZ】,890,2024-03-17,DEEPCOOL,220W,Unknown,Unknown,DEEPCOOL AG400 ARGB /4導管(6mm)/高15cm/TDP:220W【WXHZ】
散熱器｜散熱墊｜散熱膏,DEEPCOOL AG400 WH ARGB 白化版/4導管(6mm)/高15cm/TDP:220W【WXHZ】,990,2024-03-17,DEEPCOOL,220W,Unknown,Unknown,DEEPCOOL AG400 WH ARGB 白化版/4導管(6mm)/高15cm/TDP:220W【WXHZ】
散熱器｜散熱墊｜散熱膏,DEEPCOOL AK400 PINK LIMITED /4導管/高15.6/TDP:220W【WXHZ】,1290,2024-03-17,DEEPCOOL,220W,Unknown,Unknown,DEEPCOOL AK400 PINK LIMITED /4導管/高15.6/TDP:220W【WXHZ】
散熱器｜散熱墊｜散熱膏,DEEPCOOL AK400 DIGITAL /4導管/高15.6/溫度顯示/TDP:220W【WXHZ】,1690,2024-03-17,DEEPCOOL,220W,Unknown,Unknown,DEEPCOOL AK400 DIGITAL /4導管/高15.6/溫度顯示/TDP:220W【WXHZ】
散熱器｜散熱墊｜散熱膏,DEEPCOOL AK400 DIGITAL WH/4導管/高15.6/溫度顯示/TDP:220W【WXHZ】,1790,2024-03-17,DEEPCOOL,220W,Unknown,Unknown,DEEPCOOL AK400 DIGITAL WH/4導管/高15.6/溫度顯示/TDP:220W【WXHZ】
散熱器｜散熱墊｜散熱膏,DEEPCOOL AG620 /6導管(6mm)/雙塔雙扇/高15.7cm/TDP:260W【WXHZ】,1290,2024-03-17,DEEPCOOL,260W,Unknown,Unknown,DEEPCOOL AG620 /6導管(6mm)/雙塔雙扇/高15.7cm/TDP:260W【WXHZ】
散熱器｜散熱墊｜散熱膏,DEEPCOOL AG620 ARGB /6導管(6mm)/雙塔雙扇/高15.7cm/TDP:260W【WXHZ】,1390,2024-03-17,DEEPCOOL,260W,Unknown,Unknown,DEEPCOOL AG620 ARGB /6導管(6mm)/雙塔雙扇/高15.7cm/TDP:260W【WXHZ】
散熱器｜散熱墊｜散熱膏,DEEPCOOL AG620 WH ARGB 白化版/6導管(6mm)/雙塔雙扇/高15.7cm【WXHZ】,1490,2024-03-17,DEEPCOOL,Unknown,Unknown,Unknown,DEEPCOOL AG620 WH ARGB 白化版/6導管(6mm)/雙塔雙扇/高15.7cm【WXHZ】
散熱器｜散熱墊｜散熱膏,DEEPCOOL AK620 DIGITAL /6導管/雙塔雙扇/高16.2/溫度顯示/TDP:260W【WXHZ】,2690,2024-03-17,DEEPCOOL,260W,Unknown,Unknown,DEEPCOOL AK620 DIGITAL /6導管/雙塔雙扇/高16.2/溫度顯示/TDP:260W【WXHZ】
散熱器｜散熱墊｜散熱膏,DEEPCOOL AK620 DIGITAL WH/6導管/雙塔雙扇/高16.2/溫度顯示/TDP:260W【WXHZ】,2790,2024-03-17,DEEPCOOL,260W,Unknown,Unknown,DEEPCOOL AK620 DIGITAL WH/6導管/雙塔雙扇/高16.2/溫度顯示/TDP:260W【WXHZ】
散熱器｜散熱墊｜散熱膏,DEEPCOOL ASSASSIN IV 阿薩辛4 黑/7導管/雙塔反葉扇/高16.4/偏移不干涉【WXHZ】,3290,2024-03-17,DEEPCOOL,Unknown,Unknown,Unknown,DEEPCOOL ASSASSIN IV 阿薩辛4 黑/7導管/雙塔反葉扇/高16.4/偏移不干涉【WXHZ】
散熱器｜散熱墊｜散熱膏,DEEPCOOL ASSASSIN IV 阿薩辛4 白/7導管/雙塔反葉扇/高16.4/偏移不干涉【WXHZ】,3390,2024-03-17,DEEPCOOL,Unknown,Unknown,Unknown,DEEPCOOL ASSASSIN IV 阿薩辛4 白/7導管/雙塔反葉扇/高16.4/偏移不干涉【WXHZ】
散熱器｜散熱墊｜散熱膏,銀欣 XE02-3647S 散熱器 /LGA3647 Square腳位/2U適用/TDP:205W/高6.4【客訂】,1690,2024-03-17,銀欣,205W,Unknown,Unknown,銀欣 XE02-3647S 散熱器 /LGA3647 Square腳位/2U適用/TDP:205W/高6.4【客訂】
散熱器｜散熱墊｜散熱膏,銀欣 XE02-3647N 散熱器 /LGA3647 Narrow腳位/2U適用/TDP:205W/高6.4【客訂】,1690,2024-03-17,銀欣,205W,Unknown,Unknown,銀欣 XE02-3647N 散熱器 /LGA3647 Narrow腳位/2U適用/TDP:205W/高6.4【客訂】
散熱器｜散熱墊｜散熱膏,銀欣 XE04-4677 散熱器 /LGA4677 腳位/4U適用/TDP:270W/高12.6【客訂】,3220,2024-03-17,銀欣,270W,Unknown,Unknown,銀欣 XE04-4677 散熱器 /LGA4677 腳位/4U適用/TDP:270W/高12.6【客訂】
散熱器｜散熱墊｜散熱膏,銀欣 Hydrogon H90 ARGB 下吹式散熱器 /4導管/高4.8/3pin(5V)【WXHZ】,1050,2024-03-17,銀欣,Unknown,Unknown,Unknown,銀欣 Hydrogon H90 ARGB 下吹式散熱器 /4導管/高4.8/3pin(5V)【WXHZ】
散熱器｜散熱墊｜散熱膏,銀欣 Hydrogon D140 ARGB 散熱器 /6導管/高16/雙塔12+14雙扇【WXHZ】,1790,2024-03-17,銀欣,Unknown,Unknown,Unknown,銀欣 Hydrogon D140 ARGB 散熱器 /6導管/高16/雙塔12+14雙扇【WXHZ】
散熱器｜散熱墊｜散熱膏,銀欣 Argon V140 ARGB 散熱器 /4導管/高16/14cm風扇/偏移不干涉【WXHZ】,1290,2024-03-17,銀欣,Unknown,Unknown,氣冷式,銀欣 Argon V140 ARGB 散熱器 /4導管/高16/14cm風扇/偏移不干涉【WXHZ】
散熱器｜散熱墊｜散熱膏,酷碼 LGA1700 空冷專用扣具(A) (Hyper 212 EVO V2 / MasterAir MA612 Stealth),99,2024-03-17,酷碼,Unknown,Unknown,Unknown,酷碼 LGA1700 空冷專用扣具(A) (Hyper 212 EVO V2 / MasterAir MA612 Stealth)
散熱器｜散熱墊｜散熱膏,酷碼 XDream P115 Intel專用散熱器(RR-X115)/高度4.7cm/TDP:65W【W】,290,2024-03-17,酷碼,65W,Unknown,Unknown,酷碼 XDream P115 Intel專用散熱器(RR-X115)/高度4.7cm/TDP:65W【W】
散熱器｜散熱墊｜散熱膏,酷碼 Hyper T20 散熱器 2導管/直觸式/高度11.7cm【WX】,490,2024-03-17,酷碼,Unknown,Unknown,Unknown,酷碼 Hyper T20 散熱器 2導管/直觸式/高度11.7cm【WX】
散熱器｜散熱墊｜散熱膏,酷碼 Hyper H411R (白光) 散熱器/4導管/直觸式/高度13.6/TDP:100W【WXHZ】,690,2024-03-17,酷碼,100W,Unknown,Unknown,酷碼 Hyper H411R (白光) 散熱器/4導管/直觸式/高度13.6/TDP:100W【WXHZ】
散熱器｜散熱墊｜散熱膏,酷碼 Hyper 212 Spectrum V3 散熱器/4導管/高15.2/自帶ARGB(可控)【WXHZ】,690,2024-03-17,酷碼,Unknown,Unknown,Unknown,酷碼 Hyper 212 Spectrum V3 散熱器/4導管/高15.2/自帶ARGB(可控)【WXHZ】
散熱器｜散熱墊｜散熱膏,酷碼 Hyper 212 Black 散熱器/黑化版/4導管/高15.2【WXHZ】,890,2024-03-17,酷碼,Unknown,Unknown,Unknown,酷碼 Hyper 212 Black 散熱器/黑化版/4導管/高15.2【WXHZ】
散熱器｜散熱墊｜散熱膏,酷碼 Hyper 212 Black X DUO 散熱器/黑化版/4導管/高15.2/雙風扇【WXHZ】,1090,2024-03-17,酷碼,Unknown,Unknown,氣冷式,酷碼 Hyper 212 Black X DUO 散熱器/黑化版/4導管/高15.2/雙風扇【WXHZ】
散熱器｜散熱墊｜散熱膏,酷碼 Hyper 212 Halo Black 散熱器/黑化版/4導管/高15.4/自帶ARGB(可控)【WXHZ】,1190,2024-03-17,酷碼,Unknown,Unknown,Unknown,酷碼 Hyper 212 Halo Black 散熱器/黑化版/4導管/高15.4/自帶ARGB(可控)【WXHZ】
散熱器｜散熱墊｜散熱膏,酷碼 Hyper 212 Halo White 散熱器/白化版/4導管/高15.4/自帶ARGB(可控)【WXHZ】,1190,2024-03-17,酷碼,Unknown,Unknown,Unknown,酷碼 Hyper 212 Halo White 散熱器/白化版/4導管/高15.4/自帶ARGB(可控)【WXHZ】
散熱器｜散熱墊｜散熱膏,酷碼 Hyper 620S 散熱器/6導管/雙塔雙扇/高15.5/自帶ARGB(可控)【WXHZ】,1290,2024-03-17,酷碼,Unknown,Unknown,Unknown,酷碼 Hyper 620S 散熱器/6導管/雙塔雙扇/高15.5/自帶ARGB(可控)【WXHZ】
散熱器｜散熱墊｜散熱膏,酷碼 Hyper 622 Halo Black /黑化版/6導管/雙塔雙扇/高15.7/自帶ARGB(可控)【WXHZ】,1690,2024-03-17,酷碼,Unknown,Unknown,Unknown,酷碼 Hyper 622 Halo Black /黑化版/6導管/雙塔雙扇/高15.7/自帶ARGB(可控)【WXHZ】
散熱器｜散熱墊｜散熱膏,酷碼 Hyper 622 Halo White /白化版/6導管/雙塔雙扇/高15.7/自帶ARGB(可控)【WXHZ】,1690,2024-03-17,酷碼,Unknown,Unknown,Unknown,酷碼 Hyper 622 Halo White /白化版/6導管/雙塔雙扇/高15.7/自帶ARGB(可控)【WXHZ】
散熱器｜散熱墊｜散熱膏,酷碼 MasterAir MA824 Stealth 黑化版/8導管/雙塔雙扇/高16.6/記憶體限高4.2【WXHZ】,3290,2024-03-17,酷碼,Unknown,Unknown,Unknown,酷碼 MasterAir MA824 Stealth 黑化版/8導管/雙塔雙扇/高16.6/記憶體限高4.2【WXHZ】
散熱器｜散熱墊｜散熱膏,Scythe 虎徹3(SCKTT-3000) 12cm風扇/4導管(6mm)/高15.4【WXHZ】,990,2024-03-17,Scythe,Unknown,Unknown,氣冷式,Scythe 虎徹3(SCKTT-3000) 12cm風扇/4導管(6mm)/高15.4【WXHZ】
散熱器｜散熱墊｜散熱膏,Scythe 無限6(SCMG-6000) 12cm風扇/6導管(6mm)/高15.4/偏移不干涉【WXHZ】,1190,2024-03-17,Scythe,Unknown,Unknown,氣冷式,Scythe 無限6(SCMG-6000) 12cm風扇/6導管(6mm)/高15.4/偏移不干涉【WXHZ】
散熱器｜散熱墊｜散熱膏,Scythe 風魔3(SCFM-3000) /6導管(6mm)/雙塔雙扇/高15.4/偏移不干涉【WXHZ】,1590,2024-03-17,Scythe,Unknown,Unknown,Unknown,Scythe 風魔3(SCFM-3000) /6導管(6mm)/雙塔雙扇/高15.4/偏移不干涉【WXHZ】
散熱器｜散熱墊｜散熱膏,喬思伯 HX4170D 黑 下吹式 /黑化版/4導管/高4.53/回流焊/TDP:170【WXZ】,1190,2024-03-17,喬思伯,Unknown,Unknown,Unknown,喬思伯 HX4170D 黑 下吹式 /黑化版/4導管/高4.53/回流焊/TDP:170【WXZ】
散熱器｜散熱墊｜散熱膏,喬思伯 PISA A5 灰 散熱器/5導管/高15.3/ARGB/底部輔助鰭片/TDP:265【WXHZ】,899,2024-03-17,喬思伯,Unknown,Unknown,Unknown,喬思伯 PISA A5 灰 散熱器/5導管/高15.3/ARGB/底部輔助鰭片/TDP:265【WXHZ】
散熱器｜散熱墊｜散熱膏,喬思伯 PISA A5 白 散熱器/5導管/高15.3/ARGB/底部輔助鰭片/TDP:265【WXHZ】,899,2024-03-17,喬思伯,Unknown,Unknown,Unknown,喬思伯 PISA A5 白 散熱器/5導管/高15.3/ARGB/底部輔助鰭片/TDP:265【WXHZ】
散熱器｜散熱墊｜散熱膏,喬思伯 CR1400 EVO 黑 散熱器/4導管/高13/9cm風扇/TDP:180【WXHZ】,499,2024-03-17,喬思伯,Unknown,Unknown,氣冷式,喬思伯 CR1400 EVO 黑 散熱器/4導管/高13/9cm風扇/TDP:180【WXHZ】
散熱器｜散熱墊｜散熱膏,喬思伯 CR1400 V2 黑 散熱器/4導管/高13.3/無限鏡上蓋/9cm風扇/TDP:180【WXHZ】,699,2024-03-17,喬思伯,Unknown,Unknown,氣冷式,喬思伯 CR1400 V2 黑 散熱器/4導管/高13.3/無限鏡上蓋/9cm風扇/TDP:180【WXHZ】
散熱器｜散熱墊｜散熱膏,喬思伯 CR1400 V2 白 散熱器/4導管/高13.3/無限鏡上蓋/9cm風扇/TDP:180【WXHZ】,699,2024-03-17,喬思伯,Unknown,Unknown,氣冷式,喬思伯 CR1400 V2 白 散熱器/4導管/高13.3/無限鏡上蓋/9cm風扇/TDP:180【WXHZ】
散熱器｜散熱墊｜散熱膏,喬思伯 CR1400 DV2 黑 散熱器/6導管/高13.6/Mini雙塔雙扇/ARGB/TDP:230【WXHZ】,999,2024-03-17,喬思伯,Unknown,Unknown,Unknown,喬思伯 CR1400 DV2 黑 散熱器/6導管/高13.6/Mini雙塔雙扇/ARGB/TDP:230【WXHZ】
散熱器｜散熱墊｜散熱膏,喬思伯 CR1400 DV2 白 散熱器/6導管/高13.6/Mini雙塔雙扇/ARGB/TDP:230【WXHZ】,999,2024-03-17,喬思伯,Unknown,Unknown,Unknown,喬思伯 CR1400 DV2 白 散熱器/6導管/高13.6/Mini雙塔雙扇/ARGB/TDP:230【WXHZ】
散熱器｜散熱墊｜散熱膏,喬思伯 CR3000 黑 散熱器/7導管/高16/雙塔雙扇/ARGB/TDP:260【WXHZ】,1390,2024-03-17,喬思伯,Unknown,Unknown,Unknown,喬思伯 CR3000 黑 散熱器/7導管/高16/雙塔雙扇/ARGB/TDP:260【WXHZ】
散熱器｜散熱墊｜散熱膏,喬思伯 HX5230 散熱器/全黑化/5導管/高15.8/TDP:230【WXHZ】,1190,2024-03-17,喬思伯,Unknown,Unknown,Unknown,喬思伯 HX5230 散熱器/全黑化/5導管/高15.8/TDP:230【WXHZ】
散熱器｜散熱墊｜散熱膏,喬思伯 HX6250 黑 散熱器/全黑化/6導管/高16.2/偏移不干涉/TDP:250【WXHZ】,1690,2024-03-17,喬思伯,Unknown,Unknown,Unknown,喬思伯 HX6250 黑 散熱器/全黑化/6導管/高16.2/偏移不干涉/TDP:250【WXHZ】
散熱器｜散熱墊｜散熱膏,喬思伯 HX7280 散熱器/全黑化/7導管/高16/雙塔(風扇2+1)/TDP:280【WXHZ】,2490,2024-03-17,喬思伯,Unknown,Unknown,氣冷式,喬思伯 HX7280 散熱器/全黑化/7導管/高16/雙塔(風扇2+1)/TDP:280【WXHZ】
散熱器｜散熱墊｜散熱膏,貓頭鷹 NH-U12S TR4-SP3 /5導管/NF-F12 PWM風扇/六年保/高15.8【sTRX4/TR4】,2660,2024-03-17,貓頭鷹,Unknown,Unknown,氣冷式,貓頭鷹 NH-U12S TR4-SP3 /5導管/NF-F12 PWM風扇/六年保/高15.8【sTRX4/TR4】
散熱器｜散熱墊｜散熱膏,貓頭鷹 NH-U14S TR4-SP3 /6導管/NF-A15 PWM風扇/六年保/高16.5【sTRX4/TR4】,3085,2024-03-17,貓頭鷹,Unknown,Unknown,氣冷式,貓頭鷹 NH-U14S TR4-SP3 /6導管/NF-A15 PWM風扇/六年保/高16.5【sTRX4/TR4】
散熱器｜散熱墊｜散熱膏,【提醒】NH-U12/NH-U14/NH-D15/NH-D15S,1,2024-03-17,【提醒】NH-U12/NH-U14/NH-D15/NH-D15S,Unknown,Unknown,Unknown,【提醒】NH-U12/NH-U14/NH-D15/NH-D15S
散熱器｜散熱墊｜散熱膏,貓頭鷹 NH-U12A /7導管/NF-A12X25 PWM風扇*2/高15.8【WXHZ】,3885,2024-03-17,貓頭鷹,Unknown,Unknown,氣冷式,貓頭鷹 NH-U12A /7導管/NF-A12X25 PWM風扇*2/高15.8【WXHZ】
散熱器｜散熱墊｜散熱膏,貓頭鷹 NH-U12A chromax.black 黑化版/7導管/NF-A12X25風扇*2/高15.8【WXHZ】,4185,2024-03-17,貓頭鷹,Unknown,Unknown,氣冷式,貓頭鷹 NH-U12A chromax.black 黑化版/7導管/NF-A12X25風扇*2/高15.8【WXHZ】
散熱器｜散熱墊｜散熱膏,貓頭鷹 NH-U12S /5導管/NF-F12 PWM風扇/六年保/高15.8【WXHZ】,2420,2024-03-17,貓頭鷹,Unknown,Unknown,氣冷式,貓頭鷹 NH-U12S /5導管/NF-F12 PWM風扇/六年保/高15.8【WXHZ】
散熱器｜散熱墊｜散熱膏,貓頭鷹 NH-U12S chromax.black 黑化版/5導管/NF-F12 PWM/六年保/高15.8【WXHZ】,2585,2024-03-17,貓頭鷹,Unknown,Unknown,Unknown,貓頭鷹 NH-U12S chromax.black 黑化版/5導管/NF-F12 PWM/六年保/高15.8【WXHZ】
散熱器｜散熱墊｜散熱膏,貓頭鷹 NH-U14S /6導管/NF-A15 PWM風扇/六年保/高16.5【WXHZ】,2650,2024-03-17,貓頭鷹,Unknown,Unknown,氣冷式,貓頭鷹 NH-U14S /6導管/NF-A15 PWM風扇/六年保/高16.5【WXHZ】
散熱器｜散熱墊｜散熱膏,【提醒】NH-U12/NH-U14/NH-D15/NH-D15S,1,2024-03-17,【提醒】NH-U12/NH-U14/NH-D15/NH-D15S,Unknown,Unknown,Unknown,【提醒】NH-U12/NH-U14/NH-D15/NH-D15S
散熱器｜散熱墊｜散熱膏,貓頭鷹 NH-D12L /5導管/NF-A12x25r PWM風扇/雙塔/非對稱式/六年保/高14.5【WXHZ】,3355,2024-03-17,貓頭鷹,Unknown,Unknown,氣冷式,貓頭鷹 NH-D12L /5導管/NF-A12x25r PWM風扇/雙塔/非對稱式/六年保/高14.5【WXHZ】
散熱器｜散熱墊｜散熱膏,貓頭鷹 NH-D15S /6導管/NF-A15 PWM風扇/雙塔/非對稱式/六年保/高16【WXHZ】,3275,2024-03-17,貓頭鷹,Unknown,Unknown,氣冷式,貓頭鷹 NH-D15S /6導管/NF-A15 PWM風扇/雙塔/非對稱式/六年保/高16【WXHZ】
散熱器｜散熱墊｜散熱膏,貓頭鷹 NH-D15S chromax.black 黑化版 /6導管/雙塔/非對稱式/六年保/高16【WXHZ】,3665,2024-03-17,貓頭鷹,Unknown,Unknown,Unknown,貓頭鷹 NH-D15S chromax.black 黑化版 /6導管/雙塔/非對稱式/六年保/高16【WXHZ】
散熱器｜散熱墊｜散熱膏,貓頭鷹 NH-D15 /6導管/NF-A15 PWM風扇*2/雙塔/六年保/高16.5【WXHZ】,3615,2024-03-17,貓頭鷹,Unknown,Unknown,氣冷式,貓頭鷹 NH-D15 /6導管/NF-A15 PWM風扇*2/雙塔/六年保/高16.5【WXHZ】
散熱器｜散熱墊｜散熱膏,貓頭鷹 NH-D15 chromax.black 黑化版 /6導管/NF-A15 PWM*2/雙塔/高16.5【WXHZ】,3895,2024-03-17,貓頭鷹,Unknown,Unknown,Unknown,貓頭鷹 NH-D15 chromax.black 黑化版 /6導管/NF-A15 PWM*2/雙塔/高16.5【WXHZ】
散熱器｜散熱墊｜散熱膏,貓頭鷹 NH-D9L /4導管/NF-A9 PWM風扇/支援3U/六年保/高11【WXHZ】,2125,2024-03-17,貓頭鷹,Unknown,Unknown,氣冷式,貓頭鷹 NH-D9L /4導管/NF-A9 PWM風扇/支援3U/六年保/高11【WXHZ】
散熱器｜散熱墊｜散熱膏,貓頭鷹 NH-U9S /5導管/NF-A9 PWM風扇/六年保/高12.5【WXHZ】,2345,2024-03-17,貓頭鷹,Unknown,Unknown,氣冷式,貓頭鷹 NH-U9S /5導管/NF-A9 PWM風扇/六年保/高12.5【WXHZ】
散熱器｜散熱墊｜散熱膏,貓頭鷹 NH-L9a-AM5 /NF-A9x14 PWM扇/下吹式/六年保/高3.7/AM5專用【H】,1665,2024-03-17,貓頭鷹,Unknown,Unknown,Unknown,貓頭鷹 NH-L9a-AM5 /NF-A9x14 PWM扇/下吹式/六年保/高3.7/AM5專用【H】
散熱器｜散熱墊｜散熱膏,貓頭鷹 NH-L9a-AM5 chromax.black 黑化版 /下吹式/六年保/高3.7/AM5專用【H】,1795,2024-03-17,貓頭鷹,Unknown,Unknown,Unknown,貓頭鷹 NH-L9a-AM5 chromax.black 黑化版 /下吹式/六年保/高3.7/AM5專用【H】
散熱器｜散熱墊｜散熱膏,貓頭鷹 NH-L9i-17xx /NF-A9x14 HS-PWM/下吹式/六年/高3.7/Intel專用(1700)【Z】,1645,2024-03-17,Intel,Unknown,Unknown,Unknown,貓頭鷹 NH-L9i-17xx /NF-A9x14 HS-PWM/下吹式/六年/高3.7/Intel專用(1700)【Z】
散熱器｜散熱墊｜散熱膏,貓頭鷹 NH-L9i-17xx chromax.black 黑化版 /下吹式/高3.7/Intel專用(1700)【Z】,1775,2024-03-17,Intel,Unknown,Unknown,Unknown,貓頭鷹 NH-L9i-17xx chromax.black 黑化版 /下吹式/高3.7/Intel專用(1700)【Z】
散熱器｜散熱墊｜散熱膏,貓頭鷹 NH-L9x65 /NF-A9x14 PWM風扇/下吹式/六年/高6.5【WXHZ】,1850,2024-03-17,貓頭鷹,Unknown,Unknown,氣冷式,貓頭鷹 NH-L9x65 /NF-A9x14 PWM風扇/下吹式/六年/高6.5【WXHZ】
散熱器｜散熱墊｜散熱膏,貓頭鷹 NH-C14S /NF-A14 PWM風扇/下吹式/六年/高11.5~14.2【WXHZ】,2855,2024-03-17,貓頭鷹,Unknown,Unknown,氣冷式,貓頭鷹 NH-C14S /NF-A14 PWM風扇/下吹式/六年/高11.5~14.2【WXHZ】
散熱器｜散熱墊｜散熱膏,快睿 C1 下吹式散熱器/6mm導管*6/14mm風扇/高7.4cm【WXHZ】送LGA1700扣具,1790,2024-03-17,快睿,Unknown,Unknown,氣冷式,快睿 C1 下吹式散熱器/6mm導管*6/14mm風扇/高7.4cm【WXHZ】送LGA1700扣具
散熱器｜散熱墊｜散熱膏,快睿 R5 散熱器/6mm導管*6/XF140*2(厚扇)/高16.3cm/黑白可換框【WXHZ】送1700扣具,1990,2024-03-17,快睿,Unknown,Unknown,Unknown,快睿 R5 散熱器/6mm導管*6/XF140*2(厚扇)/高16.3cm/黑白可換框【WXHZ】送1700扣具
散熱器｜散熱墊｜散熱膏,Montech AP3 散熱膏/4公克/附刮刀/導熱係數 5.99W/mK,109,2024-03-17,Montech,99W,Unknown,Unknown,Montech AP3 散熱膏/4公克/附刮刀/導熱係數 5.99W/mK
散熱器｜散熱墊｜散熱膏,利民 Thermalright TFX 散熱膏/2公克/導熱係數 14.3W/mK,360,2024-03-17,利民,3W,Unknown,Unknown,利民 Thermalright TFX 散熱膏/2公克/導熱係數 14.3W/mK
散熱器｜散熱墊｜散熱膏,利民 Thermalright TF8 散熱膏/2公克/導熱係數 13.8W/mK,250,2024-03-17,利民,8W,Unknown,Unknown,利民 Thermalright TF8 散熱膏/2公克/導熱係數 13.8W/mK
散熱器｜散熱墊｜散熱膏,利民 Thermalright TF8 散熱膏/5.8公克/導熱係數 13.8W/mK,590,2024-03-17,利民,8W,Unknown,Unknown,利民 Thermalright TF8 散熱膏/5.8公克/導熱係數 13.8W/mK
散熱器｜散熱墊｜散熱膏,利民 Thermalright TF9 散熱膏/1.5公克/導熱係數 14W/mK,190,2024-03-17,利民,14W,Unknown,Unknown,利民 Thermalright TF9 散熱膏/1.5公克/導熱係數 14W/mK
散熱器｜散熱墊｜散熱膏,利民 Thermalright Silver King 液態金屬膏/1公克/導熱係數 79W/mK【避免接觸鋁製品】,280,2024-03-17,利民,79W,Unknown,Unknown,利民 Thermalright Silver King 液態金屬膏/1公克/導熱係數 79W/mK【避免接觸鋁製品】
散熱器｜散熱墊｜散熱膏,快睿 CRYORIG CP15 導熱膏/4公克/附塗抹卡片.清潔片/導熱係數 5.7W/mK,169,2024-03-17,快睿,7W,Unknown,Unknown,快睿 CRYORIG CP15 導熱膏/4公克/附塗抹卡片.清潔片/導熱係數 5.7W/mK
散熱器｜散熱墊｜散熱膏,Scythe Thermal Elixer 2 導熱膏/5g/導熱係數 3.5W/mK(SCTE-2000),190,2024-03-17,Scythe,5W,Unknown,Unknown,Scythe Thermal Elixer 2 導熱膏/5g/導熱係數 3.5W/mK(SCTE-2000)
散熱器｜散熱墊｜散熱膏,酷碼 HTK-002 美國道康膏/導熱係數 0.8W/m-K,70,2024-03-17,酷碼,8W,Unknown,Unknown,酷碼 HTK-002 美國道康膏/導熱係數 0.8W/m-K
散熱器｜散熱墊｜散熱膏,酷碼 IceFusion 新酷媽涼膏 V2/40公克/導熱係數 5 W/mK(RG-ICF-CWR3-GP),190,2024-03-17,酷碼,Unknown,Unknown,Unknown,酷碼 IceFusion 新酷媽涼膏 V2/40公克/導熱係數 5 W/mK(RG-ICF-CWR3-GP)
散熱器｜散熱墊｜散熱膏,酷碼 MasterGel Pro V2 長效散熱膏/1.5ml/導熱係數 9W/mK(MGY-ZOSG-N15M-R3),149,2024-03-17,酷碼,9W,Unknown,Unknown,酷碼 MasterGel Pro V2 長效散熱膏/1.5ml/導熱係數 9W/mK(MGY-ZOSG-N15M-R3)
散熱器｜散熱墊｜散熱膏,酷碼 MasterGel Pro 長效散熱膏/1.5ml/導熱係數 8W/mK/扁平開口(MGY-ZOSG-N15M-R2),299,2024-03-17,酷碼,8W,Unknown,Unknown,酷碼 MasterGel Pro 長效散熱膏/1.5ml/導熱係數 8W/mK/扁平開口(MGY-ZOSG-N15M-R2)
散熱器｜散熱墊｜散熱膏,酷碼 CryoFuze CF-14 超效散熱膏/0.7ml/導熱係數 14W/mK(MGZ-NDSG-N07M-R2),249,2024-03-17,酷碼,14W,Unknown,Unknown,酷碼 CryoFuze CF-14 超效散熱膏/0.7ml/導熱係數 14W/mK(MGZ-NDSG-N07M-R2)
散熱器｜散熱墊｜散熱膏,華碩 ROG RG-07 高效能散熱膏/3公克,329,2024-03-17,華碩,Unknown,Unknown,Unknown,華碩 ROG RG-07 高效能散熱膏/3公克
散熱器｜散熱墊｜散熱膏,華碩 ROG RG-07 KIT 高效能散熱膏套組/3公克(內含:散熱膏模具、散熱膏刮片),689,2024-03-17,華碩,Unknown,Unknown,Unknown,華碩 ROG RG-07 KIT 高效能散熱膏套組/3公克(內含:散熱膏模具、散熱膏刮片)
散熱器｜散熱墊｜散熱膏,酷碼 Thermal Pad 導熱片1.0mm(厚)/95x45mm/13.3W/mK(TPX-NOPP-9010-R1),249,2024-03-17,酷碼,3W,Unknown,Unknown,酷碼 Thermal Pad 導熱片1.0mm(厚)/95x45mm/13.3W/mK(TPX-NOPP-9010-R1)
散熱器｜散熱墊｜散熱膏,酷碼 Thermal Pad 導熱片1.5mm(厚)/95x45mm/13.3W/mK(TPX-NOPP-9015-R1),299,2024-03-17,酷碼,3W,Unknown,Unknown,酷碼 Thermal Pad 導熱片1.5mm(厚)/95x45mm/13.3W/mK(TPX-NOPP-9015-R1)
散熱器｜散熱墊｜散熱膏,酷碼 Thermal Pad 導熱片2.0mm(厚)/95x45mm/13.3W/mK(TPX-NOPP-9020-R1),369,2024-03-17,酷碼,3W,Unknown,Unknown,酷碼 Thermal Pad 導熱片2.0mm(厚)/95x45mm/13.3W/mK(TPX-NOPP-9020-R1)
散熱器｜散熱墊｜散熱膏,酷碼 Thermal Pad Pro 導熱片1.0mm(厚)/95x45mm/15.3W/mK(TPY-NDPB-9010-R1),399,2024-03-17,酷碼,3W,Unknown,Unknown,酷碼 Thermal Pad Pro 導熱片1.0mm(厚)/95x45mm/15.3W/mK(TPY-NDPB-9010-R1)
散熱器｜散熱墊｜散熱膏,酷碼 Thermal Pad Pro 導熱片2.0mm(厚)/95x45mm/15.3W/mK(TPY-NDPB-9020-R1),599,2024-03-17,酷碼,3W,Unknown,Unknown,酷碼 Thermal Pad Pro 導熱片2.0mm(厚)/95x45mm/15.3W/mK(TPY-NDPB-9020-R1)
散熱器｜散熱墊｜散熱膏,酷碼 Connect Stand 網通設備 散熱架 /金屬網孔/可拆卸 12cm反向風扇,690,2024-03-17,酷碼,Unknown,Unknown,氣冷式,酷碼 Connect Stand 網通設備 散熱架 /金屬網孔/可拆卸 12cm反向風扇
散熱器｜散熱墊｜散熱膏,酷碼 NotePal X3 筆電散熱墊 / 支援 17吋.經典X造型再進化 (R9-NBC-NPX3-GP),700,2024-03-17,酷碼,Unknown,Unknown,Unknown,酷碼 NotePal X3 筆電散熱墊 / 支援 17吋.經典X造型再進化 (R9-NBC-NPX3-GP)
散熱器｜散熱墊｜散熱膏,酷碼 NotePal U2 Plus【黑】散熱墊 / 專利風扇可任意變換位置.支援 17吋,689,2024-03-17,酷碼,Unknown,Unknown,氣冷式,酷碼 NotePal U2 Plus【黑】散熱墊 / 專利風扇可任意變換位置.支援 17吋
散熱器｜散熱墊｜散熱膏,酷碼 NotePal U2 Plus【銀】散熱墊 / 專利風扇可任意變換位置.支援 17吋,689,2024-03-17,酷碼,Unknown,Unknown,氣冷式,酷碼 NotePal U2 Plus【銀】散熱墊 / 專利風扇可任意變換位置.支援 17吋
散熱器｜散熱墊｜散熱膏,酷碼 NotePal U3 Plus【黑】散熱墊、三風扇、專利風扇可任意變換位置.支援 19吋,1090,2024-03-17,酷碼,Unknown,Unknown,氣冷式,酷碼 NotePal U3 Plus【黑】散熱墊、三風扇、專利風扇可任意變換位置.支援 19吋
散熱器｜散熱墊｜散熱膏,酷碼 NotePal U150R【銀】/8cm風扇*2/支援15吋(R9-U150R-16FK-R1),1490,2024-03-17,酷碼,Unknown,Unknown,氣冷式,酷碼 NotePal U150R【銀】/8cm風扇*2/支援15吋(R9-U150R-16FK-R1)
散熱器｜散熱墊｜散熱膏,酷碼 NotePal ErgoStand Lite 散熱墊 /五種角度+支援 15.6吋(R9-NBS-ESLK GP),690,2024-03-17,酷碼,Unknown,Unknown,Unknown,酷碼 NotePal ErgoStand Lite 散熱墊 /五種角度+支援 15.6吋(R9-NBS-ESLK GP)
散熱器｜散熱墊｜散熱膏,酷碼 NotePal X150 Spectrum RGB散熱墊 /含USB*3,1290,2024-03-17,酷碼,Unknown,Unknown,Unknown,酷碼 NotePal X150 Spectrum RGB散熱墊 /含USB*3
散熱器｜散熱墊｜散熱膏,酷碼 ErgoStand Air【黑】散熱墊 鋁合金材質/五種角度/易攜帶平整式設計/支援 15吋,1090,2024-03-17,酷碼,Unknown,Unknown,Unknown,酷碼 ErgoStand Air【黑】散熱墊 鋁合金材質/五種角度/易攜帶平整式設計/支援 15吋
散熱器｜散熱墊｜散熱膏,酷碼 ErgoStand Air【銀】散熱墊 鋁合金材質/五種角度/易攜帶平整式設計/支援 15吋,1090,2024-03-17,酷碼,Unknown,Unknown,Unknown,酷碼 ErgoStand Air【銀】散熱墊 鋁合金材質/五種角度/易攜帶平整式設計/支援 15吋
散熱器｜散熱墊｜散熱膏,酷碼 NotePal ErgoStand III 散熱座、六段角度調整、23cm散熱風扇、USB*4,1190,2024-03-17,酷碼,Unknown,Unknown,氣冷式,酷碼 NotePal ErgoStand III 散熱座、六段角度調整、23cm散熱風扇、USB*4
