class,name,price,etl_date,id,model,brand,memory,corefrequency,cudacores,memory_value,memory_unit,corefrequency_value,corefrequency_unit,ddr
顯示卡 VGA,INTEL 原廠卡 ARC A750 8G(2050MHz/27cm/三年保)限量版顯示卡,5490,2024-03-03,Unknown,Unknown,Unknown,8G,2050MHz,CUDA:0,8.0,G,2050.0,MHz,
顯示卡 VGA,INTEL 原廠卡 ARC A750 8G(2050MHz/27cm/三年保)限量版顯示卡-任搭優惠,4990,2024-03-03,Unknown,Unknown,Unknown,8G,2050MHz,CUDA:0,8.0,G,2050.0,MHz,
顯示卡 VGA,ACER 宏�� Predator Arc A750 8G OC(2200MHz/27cm/三年)OC版.Predator散熱系統,5900,2024-03-03,Unknown,Unknown,Unknown,8G,2200MHz,CUDA:0,8.0,G,2200.0,MHz,
顯示卡 VGA,ACER 宏�� Predator Arc A770 16G(2400MHz/27cm/三年)Predator散熱系統,11590,2024-03-03,Unknown,Unknown,Unknown,16G,2400MHz,CUDA:0,16.0,G,2400.0,MHz,
顯示卡 VGA,ACER 宏�� Predator Arc A770 16G(2400MHz/27cm/三年)Predator散熱 搭機組裝支援,9990,2024-03-03,Unknown,Unknown,Unknown,16G,2400MHz,CUDA:0,16.0,G,2400.0,MHz,
顯示卡 VGA,華擎 A770 Phantom Gaming 16G OC(2200MHz/31cm/三風扇/三年)-送ARKY公仔,10990,2024-03-03,Unknown,Unknown,Unknown,16G,2200MHz,CUDA:0,16.0,G,2200.0,MHz,
顯示卡 VGA,微星 N210-MD1G/D3(589MHz/1G DDR3/風扇版/14.5cm/三年保),1250,2024-03-03,Unknown,Unknown,微星,1G,589MHz,CUDA:0,1.0,G,589.0,MHz,3
顯示卡 VGA,華碩 GT710-SL-2GD3-BRK-EVO(954MHz/2G DDR3/17cm/註冊四年保)保固最優,1690,2024-03-03,GT710,GT710,華碩,2G,954MHz,CUDA:0,2.0,G,954.0,MHz,3
顯示卡 VGA,華碩 GT710-SL-2GD5-BRK-EVO(954MHz/2G DDR5/17cm/註冊四年保)保固最優,1790,2024-03-03,GT710,GT710,華碩,2G,954MHz,CUDA:0,2.0,G,954.0,MHz,5
顯示卡 VGA,技嘉 N710D3-2GL(954MHz/2G DDR3/14.4cm/三年保),1790,2024-03-03,Unknown,Unknown,技嘉,2G,954MHz,CUDA:0,2.0,G,954.0,MHz,3
顯示卡 VGA,微星 GT710 1GD3H LP(954MHz/1G DDR3/靜音版/14.6cm/三年保),1450,2024-03-03,GT710,GT710,微星,1G,954MHz,CUDA:0,1.0,G,954.0,MHz,3
顯示卡 VGA,微星 GT710 2GD3H LP(954MHz/2G DDR3/靜音版/14.6cm/三年保),1790,2024-03-03,GT710,GT710,微星,2G,954MHz,CUDA:0,2.0,G,954.0,MHz,3
顯示卡 VGA,INNO3D GT710 1GB DDR3(954MHz/靜音版/14cm/三年保固),1388,2024-03-03,GT710,GT710,Unknown,1GB,954MHz,CUDA:0,1.0,GB,954.0,MHz,3
顯示卡 VGA,INNO3D GT710 2GB DDR3(954MHz/靜音版/14cm/三年保固),1588,2024-03-03,GT710,GT710,Unknown,2GB,954MHz,CUDA:0,2.0,GB,954.0,MHz,3
顯示卡 VGA,ZOTAC GT710-2GD3-L(71302-20L)(954MHz/2G DDR3/靜音版/14.6cm/註四年)三介面,1690,2024-03-03,GT710,GT710,ZOTAC,2G,954MHz,CUDA:0,2.0,G,954.0,MHz,3
顯示卡 VGA,華碩 GT730-SL-2GD5-BRK(902MHz/2G DDR5/16.5cm/靜音版/註四年),2590,2024-03-03,GT730,GT730,華碩,2G,902MHz,CUDA:0,2.0,G,902.0,MHz,5
顯示卡 VGA,華碩 GT730-4H-SL-2GD5(927MHz/2G DDR5/14.8cm/靜音版/註四年) 4輸出 HDMI,2890,2024-03-03,GT730,GT730,華碩,2G,927MHz,CUDA:0,2.0,G,927.0,MHz,5
顯示卡 VGA,技嘉 N730D5-2GL(902MHz/2G DDR5/15cm/風扇版/三年保),2690,2024-03-03,Unknown,Unknown,技嘉,2G,902MHz,CUDA:0,2.0,G,902.0,MHz,5
顯示卡 VGA,微星 N730-2GD3V3(700MHz/2G DDR3 128Bit/14.5cm/三年保)雪精靈系列,2590,2024-03-03,Unknown,Unknown,微星,2G,700MHz,CUDA:0,2.0,G,700.0,MHz,3
顯示卡 VGA,微星 N730K-2GD3/OCV5(1006MHz/2G DDR3/15cm/三年保),2590,2024-03-03,Unknown,Unknown,微星,2G,1006MHz,CUDA:0,2.0,G,1006.0,MHz,3
顯示卡 VGA,INNO3D GT730 2GB SDDR3(902MHz/靜音版/14cm/三年保),1888,2024-03-03,GT730,GT730,Unknown,2GB,902MHz,CUDA:0,2.0,GB,902.0,MHz,3
顯示卡 VGA,ZOTAC GT730 2GB Zone Edition(902MHz/2G DDR3/15cm/無風扇/註四年)三介面,2350,2024-03-03,GT730,GT730,ZOTAC,2GB,902MHz,CUDA:0,2.0,GB,902.0,MHz,3
顯示卡 VGA,華碩 GT1030-SL-2G-BRK(1468MHz/GDDR5/17cm/註四年),2890,2024-03-03,GT1030,GT1030,華碩,2G,1468MHz,CUDA:0,2.0,G,1468.0,MHz,5
顯示卡 VGA,華碩 PH-GT1030-O2G(1506MHz/GDDR5/18.5cm/註四年)單風扇,3090,2024-03-03,GT1030,GT1030,華碩,O2G,1506MHz,CUDA:0,2.0,O,1506.0,MHz,5
顯示卡 VGA,微星 GT1030 2GD4 LP OC(1430MHz/DDR4/15cm/三年保),2850,2024-03-03,GT1030,GT1030,微星,2G,1430MHz,CUDA:0,2.0,G,1430.0,MHz,4
顯示卡 VGA,微星 GT1030 AERO ITX 2GD4 OCV1(1430MHz/DDR4/15cm/三年保) 類比輸出,3290,2024-03-03,GT1030,GT1030,微星,2G,1430MHz,CUDA:0,2.0,G,1430.0,MHz,4
顯示卡 VGA,技嘉 GT1030 Low Profile D4 2G(1417MHz/GDDR4/15cm/單風扇),2890,2024-03-03,GT1030,GT1030,技嘉,2G,1417MHz,CUDA:0,2.0,G,1417.0,MHz,4
顯示卡 VGA,技嘉 GT1030 Low Profile 2G(1468MHz/GDDR5/15cm/風扇版),2990,2024-03-03,GT1030,GT1030,技嘉,2G,1468MHz,CUDA:0,2.0,G,1468.0,MHz,5
顯示卡 VGA,技嘉 GT1030 OC 2G(1544MHz/GDDR5/17cm/單風扇),2990,2024-03-03,GT1030,GT1030,技嘉,2G,1544MHz,CUDA:0,2.0,G,1544.0,MHz,5
顯示卡 VGA,INNO3D GT1030 2G(1468MHz/GDDR5/17cm/三年保),2488,2024-03-03,GT1030,GT1030,Unknown,2G,1468MHz,CUDA:0,2.0,G,1468.0,MHz,5
顯示卡 VGA,ZOTAC GT1030 2GB GDDR5 HDMI/DVI Low Profile(P10300A-10L),2790,2024-03-03,GT1030,GT1030,ZOTAC,2GB,0MHz,CUDA:0,2.0,GB,0.0,MHz,5
顯示卡 VGA,ZOTAC GT1030 2GB GDDR5 HDMI/VGA Low Profile(P10300E-10L) 類比輸出,2790,2024-03-03,GT1030,GT1030,ZOTAC,2GB,0MHz,CUDA:0,2.0,GB,0.0,MHz,5
顯示卡 VGA,華碩 PH-GTX1630-4G(1815MHz/17.4cm/註冊四年),4890,2024-03-03,GTX1630,GTX1630,華碩,4G,1815MHz,CUDA:0,4.0,G,1815.0,MHz,
顯示卡 VGA,微星 GTX1630 4GT LP OC(1815MHz/17cm/註冊四年)Low Profile 設計,3490,2024-03-03,GTX1630,GTX1630,微星,4G,1815MHz,CUDA:0,4.0,G,1815.0,MHz,
顯示卡 VGA,微星 GTX1630 AERO ITX 4G OC(1815MHz/17cm/單風扇/註冊四年),3490,2024-03-03,GTX1630,GTX1630,微星,4G,1815MHz,CUDA:0,4.0,G,1815.0,MHz,
顯示卡 VGA,微星 GTX1630 VENTUS XS 4G OC(1815MHz/17.8cm/註冊四年),4990,2024-03-03,GTX1630,GTX1630,微星,4G,1815MHz,CUDA:0,4.0,G,1815.0,MHz,
顯示卡 VGA,ZOTAC GTX1630 4GB GDDR6(1785MHz/15.1cm/單風扇/註冊四年),2990,2024-03-03,GTX1630,GTX1630,ZOTAC,4GB,1785MHz,CUDA:0,4.0,GB,1785.0,MHz,6
顯示卡 VGA,華碩 DUAL-GTX1650-O4GD6-P-EVO(1785MHz/21.2cm/雙風扇)時脈高.活動到3/31,4490,2024-03-03,GTX1650,GTX1650,華碩,O4G,1785MHz,CUDA:0,4.0,O,1785.0,MHz,
顯示卡 VGA,技嘉 GTX1650 D6 OC 4GB(1635MHz/17.2cm/單風扇/註冊四年),4190,2024-03-03,GTX1650,GTX1650,技嘉,4GB,1635MHz,CUDA:0,4.0,GB,1635.0,MHz,
顯示卡 VGA,微星 GTX1650 D6 VENTUS XS OCV3(1620MHz/17.9cm/雙風扇/註冊四年),4390,2024-03-03,GTX1650,GTX1650,微星,0GB,1620MHz,CUDA:0,0.0,GB,1620.0,MHz,
顯示卡 VGA,ZOTAC GTX1650 AMP Core GDDR6(1650MHz/16.3cm/雙風/註冊五年)高階堆料版,3990,2024-03-03,GTX1650,GTX1650,ZOTAC,0GB,1650MHz,CUDA:0,0.0,GB,1650.0,MHz,6
顯示卡 VGA,INNO3D GTX1650 GDDR6 TWIN X2 OC V2(1635MHz/22cm/雙風/三年保),3980,2024-03-03,GTX1650,GTX1650,Unknown,0GB,1635MHz,CUDA:0,0.0,GB,1635.0,MHz,6
顯示卡 VGA,華碩 DUAL-RTX3050-O6G(1537MHz/20cm/雙風扇/註四年)任搭優惠到3/31,6290,2024-03-03,RTX3050,RTX3050,華碩,O6G,1537MHz,CUDA:0,6.0,O,1537.0,MHz,
顯示卡 VGA,技嘉 RTX3050 EAGLE OC 6G(1500MHz/19cm/雙風扇/註四年),5990,2024-03-03,RTX3050,RTX3050,技嘉,6G,1500MHz,CUDA:0,6.0,G,1500.0,MHz,
顯示卡 VGA,微星 RTX3050 LP 6G OC(1492MHz/17.5cm/雙風扇/註四年)薄型設計.高度僅6.9cm,5990,2024-03-03,RTX3050,RTX3050,微星,6G,1492MHz,CUDA:0,6.0,G,1492.0,MHz,
顯示卡 VGA,微星 RTX3050 VENTUS 2X 6G OC(1492MHz/19cm/雙風扇/註四年),5990,2024-03-03,RTX3050,RTX3050,微星,6G,1492MHz,CUDA:0,6.0,G,1492.0,MHz,
顯示卡 VGA,微星 RTX3050 GAMING X 6G(1507MHz/21cm/雙風扇/註五年),6190,2024-03-03,RTX3050,RTX3050,微星,6G,1507MHz,CUDA:0,6.0,G,1507.0,MHz,
顯示卡 VGA,ZOTAC RTX3050 6GB GDDR6 LP(1470MHz/16cm/雙風扇/註四年) 短版設計,5990,2024-03-03,RTX3050,RTX3050,ZOTAC,6GB,1470MHz,CUDA:0,6.0,GB,1470.0,MHz,6
顯示卡 VGA,微星 RTX3050 AERO ITX 8G OCV1(1807MHz/17cm/單風扇/註冊四年保)限時活動,6890,2024-03-03,RTX3050,RTX3050,微星,8G,1807MHz,CUDA:0,8.0,G,1807.0,MHz,
顯示卡 VGA,微星 RTX3050 VENTUS 2X XS 8G OC(1807MHz/21cm/雙風扇/註冊四年保),6990,2024-03-03,RTX3050,RTX3050,微星,8G,1807MHz,CUDA:0,8.0,G,1807.0,MHz,
顯示卡 VGA,ZOTAC RTX3050 ECO SOLO(1777MHz/15cm/單風扇/註冊四年保),6390,2024-03-03,RTX3050,RTX3050,ZOTAC,0GB,1777MHz,CUDA:0,0.0,GB,1777.0,MHz,
顯示卡 VGA,ZOTAC RTX3050 AMP(1830MHz/22.5cm/註冊五年保)送大鼠墊,7990,2024-03-03,RTX3050,RTX3050,ZOTAC,0GB,1830MHz,CUDA:0,0.0,GB,1830.0,MHz,
顯示卡 VGA,INNO3D RTX3050 TWIN X2 OC(1822MHZ/24cm/超頻雙風扇/註冊四年保),6888,2024-03-03,RTX3050,RTX3050,Unknown,0GB,0MHz,CUDA:0,0.0,GB,0.0,MHz,
顯示卡 VGA,INNO3D RTX3050 GAMING X2 OC(1830MHZ/24cm/註冊四年保)*尾盤優惠,6990,2024-03-03,RTX3050,RTX3050,Unknown,0GB,0MHz,CUDA:0,0.0,GB,0.0,MHz,
顯示卡 VGA,微星 RTX3060 VENTUS 2X 12G OC(1807MHz/23.5cm/雙風扇/註冊四年)*限時優惠,8990,2024-03-03,RTX3060,RTX3060,微星,12G,1807MHz,CUDA:0,12.0,G,1807.0,MHz,
顯示卡 VGA,ZOTAC RTX3060 TWIN EDGE OC(1807MHz/22.5cm/雙風扇/註冊四年保),8490,2024-03-03,RTX3060,RTX3060,ZOTAC,0GB,1807MHz,CUDA:0,0.0,GB,1807.0,MHz,
顯示卡 VGA,ZOTAC RTX3060 AMP White Edition雪白版(1867MHz/23cm) 送原廠大鼠墊,8990,2024-03-03,RTX3060,RTX3060,ZOTAC,0GB,1867MHz,CUDA:0,0.0,GB,1867.0,MHz,
顯示卡 VGA,INNO3D RTX3060 TWIN X2 OC LHR(1792MHz/24cm/雙風扇/註冊四年保),8888,2024-03-03,RTX3060,RTX3060,Unknown,0GB,1792MHz,CUDA:0,0.0,GB,1792.0,MHz,
顯示卡 VGA,華碩 DUAL-RTX4060-O8G(2535MHz/23cm/雙風扇/註四年)鋁合金背板,9990,2024-03-03,RTX4060,RTX4060,華碩,O8G,2535MHz,CUDA:0,8.0,O,2535.0,MHz,
顯示卡 VGA,華碩 DUAL-RTX4060-O8G-WHITE(2535MHz/23cm/雙風扇/註四年/白)鋁合金背板,10490,2024-03-03,RTX4060,RTX4060,華碩,O8G,2535MHz,CUDA:0,8.0,O,2535.0,MHz,
顯示卡 VGA,華碩 PROART-RTX4060-O8G(2580MHz/30cm/三風扇/註五年)創作者系列,10990,2024-03-03,RTX4060,RTX4060,華碩,O8G,2580MHz,CUDA:0,8.0,O,2580.0,MHz,
顯示卡 VGA,華碩 ROG-STRIX-RTX4060-O8G-GAMING(2700MHz/31cm/三風扇/註五年),12990,2024-03-03,RTX4060,RTX4060,華碩,O8G,2700MHz,CUDA:0,8.0,O,2700.0,MHz,
顯示卡 VGA,技嘉 RTX4060 D6 8G(2460MHz/17cm/單風扇/註冊四年),9790,2024-03-03,RTX4060,RTX4060,技嘉,8G,2460MHz,CUDA:0,8.0,G,2460.0,MHz,
顯示卡 VGA,技嘉 RTX4060 WINDFORCE OC 8G(2475MHz/19cm/雙風扇/註四年)任搭優惠到3/31,9900,2024-03-03,RTX4060,RTX4060,技嘉,8G,2475MHz,CUDA:0,8.0,G,2475.0,MHz,
顯示卡 VGA,技嘉 RTX4060 EAGLE OC 8G(2505MHz/27cm/三風扇/註五年),10490,2024-03-03,RTX4060,RTX4060,技嘉,8G,2505MHz,CUDA:0,8.0,G,2505.0,MHz,
顯示卡 VGA,技嘉 RTX4060 EAGLE OC ICE 8G 冰魄白(2505MHz/27cm/三風扇/註五年),11090,2024-03-03,RTX4060,RTX4060,技嘉,8G,2505MHz,CUDA:0,8.0,G,2505.0,MHz,
顯示卡 VGA,技嘉 RTX4060 GAMING OC 8G(2550MHz/28cm/三風扇/註五年),11490,2024-03-03,RTX4060,RTX4060,技嘉,8G,2550MHz,CUDA:0,8.0,G,2550.0,MHz,
顯示卡 VGA,技嘉 RTX4060 AERO OC 8G(2550MHz/28cm/三風扇/註五年)造型金屬強化背板,11890,2024-03-03,RTX4060,RTX4060,技嘉,8G,2550MHz,CUDA:0,8.0,G,2550.0,MHz,
顯示卡 VGA,技嘉 AORUS RTX4060 ELITE 8G(2640MHz/30cm/RGB三風扇/註五年)時脈高效率好,12890,2024-03-03,RTX4060,RTX4060,技嘉,8G,2640MHz,CUDA:0,8.0,G,2640.0,MHz,
顯示卡 VGA,微星 RTX4060 CYCLONE 8G OC 金螳螂(2505MHz/16.3cm/螳螂扇/註五年),9990,2024-03-03,RTX4060,RTX4060,微星,8G,2505MHz,CUDA:0,8.0,G,2505.0,MHz,
顯示卡 VGA,微星 RTX4060 VENTUS 2X BLACK 8G OC(2505MHz/20cm/雙風扇/註四年),9890,2024-03-03,RTX4060,RTX4060,微星,8G,2505MHz,CUDA:0,8.0,G,2505.0,MHz,
顯示卡 VGA,微星 RTX4060 VENTUS 2X WHITE 8G OC[萬圖師娘限量版](2505MHz/20cm/雙風扇),10490,2024-03-03,RTX4060,RTX4060,微星,8G,2505MHz,CUDA:0,8.0,G,2505.0,MHz,
顯示卡 VGA,微星 RTX4060 VENTUS 3X 8G OC(2580MHz/31cm/三風扇/註五年),10890,2024-03-03,RTX4060,RTX4060,微星,8G,2580MHz,CUDA:0,8.0,G,2580.0,MHz,
顯示卡 VGA,微星 RTX4060 GAMING 8G(2475MHz/25cm/雙風扇/註五年),10590,2024-03-03,RTX4060,RTX4060,微星,8G,2475MHz,CUDA:0,8.0,G,2475.0,MHz,
顯示卡 VGA,微星 RTX4060 GAMING X 8G(2610MHz/25cm/雙風扇/註五年),11690,2024-03-03,RTX4060,RTX4060,微星,8G,2610MHz,CUDA:0,8.0,G,2610.0,MHz,
顯示卡 VGA,ZOTAC RTX4060 8GB SOLO(2460MHz/16.3cm/單風扇/註冊五年) ㊣,8990,2024-03-03,RTX4060,RTX4060,ZOTAC,8GB,2460MHz,CUDA:0,8.0,GB,2460.0,MHz,
顯示卡 VGA,ZOTAC RTX4060 8GB Twin Edge OC White Edition(2490MHz/22cm/雙風扇/註五年)㊣㊣,10490,2024-03-03,RTX4060,RTX4060,ZOTAC,8GB,2490MHz,CUDA:0,8.0,GB,2490.0,MHz,
顯示卡 VGA,INNO3D RTX4060 TWIN X2 OC WHITE(2490MHz/25cm/註冊四年/白-超頻雙風扇),10488,2024-03-03,RTX4060,RTX4060,Unknown,0GB,2490MHz,CUDA:0,0.0,GB,2490.0,MHz,
顯示卡 VGA,華碩 DUAL-RTX4060TI-8G(2595MHz/23cm/雙風扇/註四年)無痛升級OC,12990,2024-03-03,RTX4060,RTX4060,華碩,8G,2595MHz,CUDA:0,8.0,G,2595.0,MHz,
顯示卡 VGA,華碩 DUAL-RTX4060TI-O8G(2595MHz/23cm/雙風扇/註四年)鋁合金背板,13490,2024-03-03,RTX4060,RTX4060,華碩,O8G,2595MHz,CUDA:0,8.0,O,2595.0,MHz,
顯示卡 VGA,華碩 DUAL-RTX4060TI-O8G-WHITE(2595MHz/23cm/雙風扇/註四年)鋁合金背板,13990,2024-03-03,RTX4060,RTX4060,華碩,O8G,2595MHz,CUDA:0,8.0,O,2595.0,MHz,
顯示卡 VGA,華碩 DUAL-RTX4060TI-O8G-SSD(2595MHz/23cm/雙風)內建M.2插槽(PCIe Gen5),13990,2024-03-03,RTX4060,RTX4060,華碩,O8G,2595MHz,CUDA:0,8.0,O,2595.0,MHz,
顯示卡 VGA,華碩 TUF-RTX4060TI-O8G-GAMING(2655MHz/30cm/三風扇/註五年) 優惠價到3/31,13990,2024-03-03,RTX4060,RTX4060,華碩,O8G,2655MHz,CUDA:0,8.0,O,2655.0,MHz,
顯示卡 VGA,華碩 ROG-STRIX-RTX4060TI-O8G-GAMING(2715MHz/31cm/三風扇/註五年)優惠價到3/31,14990,2024-03-03,RTX4060,RTX4060,華碩,O8G,2715MHz,CUDA:0,8.0,O,2715.0,MHz,
顯示卡 VGA,技嘉 RTX4060Ti WINDFORCE OC 8G(2550MHz/20cm/雙風扇/註四年),12890,2024-03-03,RTX4060,RTX4060,技嘉,8G,2550MHz,CUDA:0,8.0,G,2550.0,MHz,
顯示卡 VGA,技嘉 RTX4060Ti EAGLE OC 8G(2550MHz/27cm/三風扇/註五年) 任搭優惠到3/31,13990,2024-03-03,RTX4060,RTX4060,技嘉,8G,2550MHz,CUDA:0,8.0,G,2550.0,MHz,
顯示卡 VGA,技嘉 RTX4060Ti EAGLE OC ICE 8G 冰魄白(2550MHz/27cm/三風扇/註五年),14590,2024-03-03,RTX4060,RTX4060,技嘉,8G,2550MHz,CUDA:0,8.0,G,2550.0,MHz,
顯示卡 VGA,技嘉 RTX4060Ti GAMING OC 8G(2580MHz/28cm/三風扇/註五年)任搭優惠到3/31,14990,2024-03-03,RTX4060,RTX4060,技嘉,8G,2580MHz,CUDA:0,8.0,G,2580.0,MHz,
顯示卡 VGA,技嘉 RTX4060Ti AERO OC 8G(2580MHz/28cm/三風扇/註五年),15490,2024-03-03,RTX4060,RTX4060,技嘉,8G,2580MHz,CUDA:0,8.0,G,2580.0,MHz,
顯示卡 VGA,技嘉 AORUS RTX4060Ti ELITE 8G(2655MHz/30cm/ARGB三風扇/註五年),15990,2024-03-03,RTX4060,RTX4060,技嘉,8G,2655MHz,CUDA:0,8.0,G,2655.0,MHz,
顯示卡 VGA,微星 RTX4060Ti VENTUS 2X BLACK 8G OC(2580MHz/19.9cm/雙風扇),12900,2024-03-03,RTX4060,RTX4060,微星,8G,2580MHz,CUDA:0,8.0,G,2580.0,MHz,
顯示卡 VGA,微星 RTX4060Ti VENTUS 3X 8G OC(2580MHz/31cm/三風扇/註五年),13900,2024-03-03,RTX4060,RTX4060,微星,8G,2580MHz,CUDA:0,8.0,G,2580.0,MHz,
顯示卡 VGA,微星 RTX4060Ti GAMING X SLIM 8G(2685MHz/31cm/三風扇/註五年),14900,2024-03-03,RTX4060,RTX4060,微星,8G,2685MHz,CUDA:0,8.0,G,2685.0,MHz,
顯示卡 VGA,微星 RTX4060Ti GAMING X SLIM WHITE 8G(2685MHz/31cm/三風扇/註五年),14900,2024-03-03,RTX4060,RTX4060,微星,8G,2685MHz,CUDA:0,8.0,G,2685.0,MHz,
顯示卡 VGA,微星 RTX4060Ti GAMING X TRIO 8G(2685MHz/34cm/ARGB三風扇/註五年),15900,2024-03-03,RTX4060,RTX4060,微星,8G,2685MHz,CUDA:0,8.0,G,2685.0,MHz,
顯示卡 VGA,ZOTAC RTX4060Ti 8GB Twin Edge(2535MHz/22.55cm/雙風扇/註五年),12990,2024-03-03,RTX4060,RTX4060,ZOTAC,8GB,2535MHz,CUDA:0,8.0,GB,2535.0,MHz,
顯示卡 VGA,ZOTAC RTX4060Ti 8GB Twin Edge OC SPIDER-MAN-蜘蛛人(2550MHz/22.55cm)㊣㊣,13990,2024-03-03,RTX4060,RTX4060,ZOTAC,8GB,2550MHz,CUDA:0,8.0,GB,2550.0,MHz,
顯示卡 VGA,ZOTAC RTX4060Ti 8GB Twin Edge OC White Edition(2565MHz/22.55cm/雙風扇),13990,2024-03-03,RTX4060,RTX4060,ZOTAC,8GB,2565MHz,CUDA:0,8.0,GB,2565.0,MHz,
顯示卡 VGA,INNO3D RTX4060Ti 8GB Twin X2(2535MHz/25cm/註冊四年/雙風扇),12488,2024-03-03,RTX4060,RTX4060,Unknown,8GB,2535MHz,CUDA:0,8.0,GB,2535.0,MHz,
顯示卡 VGA,INNO3D RTX4060Ti 8GB Twin X2 OC WHITE(2565MHz/25cm/註冊四年/白-超頻雙風扇),13488,2024-03-03,RTX4060,RTX4060,Unknown,8GB,2565MHz,CUDA:0,8.0,GB,2565.0,MHz,
顯示卡 VGA,INNO3D RTX4060Ti 8GB ICHILL X3 WHITE(2595MHz/29.4cm/註冊五年/白-超頻三風扇),14888,2024-03-03,RTX4060,RTX4060,Unknown,8GB,2595MHz,CUDA:0,8.0,GB,2595.0,MHz,
顯示卡 VGA,華碩 DUAL-RTX4060TI-O16G(2625MHz/22.72cm/雙風扇/註冊四年)優惠價到3/31,14990,2024-03-03,RTX4060,RTX4060,華碩,O16G,2625MHz,CUDA:0,16.0,O,2625.0,MHz,
顯示卡 VGA,華碩 PROART-RTX4060TI-O16G(2685MHz/30cm/三風扇/註冊五年)優惠價到3/31,15990,2024-03-03,RTX4060,RTX4060,華碩,O16G,2685MHz,CUDA:0,16.0,O,2685.0,MHz,
顯示卡 VGA,技嘉 RTX4060Ti GAMING OC 16G(2595MHz/28cm/三風扇/註五年),15990,2024-03-03,RTX4060,RTX4060,技嘉,16G,2595MHz,CUDA:0,16.0,G,2595.0,MHz,
顯示卡 VGA,技嘉 RTX4060Ti AERO OC 16G(2595MHz/28cm/三風扇/註五年/白色),16990,2024-03-03,RTX4060,RTX4060,技嘉,16G,2595MHz,CUDA:0,16.0,G,2595.0,MHz,
顯示卡 VGA,微星 RTX4060Ti VENTUS 2X BLACK 16G OC(2625MHz/20cm/雙風扇/註四年),14890,2024-03-03,RTX4060,RTX4060,微星,16G,2625MHz,CUDA:0,16.0,G,2625.0,MHz,
顯示卡 VGA,微星 RTX4060Ti VENTUS 3X 16G OC(2625MHz/31cm/三風扇/註五年),15900,2024-03-03,RTX4060,RTX4060,微星,16G,2625MHz,CUDA:0,16.0,G,2625.0,MHz,
顯示卡 VGA,微星 RTX4060Ti GAMING X SLIM 16G(2685MHz/31cm/三風扇/註五年),16900,2024-03-03,RTX4060,RTX4060,微星,16G,2685MHz,CUDA:0,16.0,G,2685.0,MHz,
顯示卡 VGA,微星 RTX4060Ti GAMING X SLIM WHITE 16G(2685MHz/31cm/三風扇/註五年),16900,2024-03-03,RTX4060,RTX4060,微星,16G,2685MHz,CUDA:0,16.0,G,2685.0,MHz,
顯示卡 VGA,INNO3D RTX4060Ti 16GB TWIN X2 OC WHITE(2595MHz/25cm/註四年/白-雙風扇),14488,2024-03-03,RTX4060,RTX4060,Unknown,16GB,2595MHz,CUDA:0,16.0,GB,2595.0,MHz,
顯示卡 VGA,華碩 DUAL-RTX4070-O12G(2550MHz/27cm/8Pin電源/雙風扇/註四年)OC版.頻率高,18990,2024-03-03,RTX4070,RTX4070,華碩,O12G,2550MHz,CUDA:0,12.0,O,2550.0,MHz,
顯示卡 VGA,華碩 DUAL-RTX4070-O12G-WHITE(2550MHz/27cm/8Pin電源/雙風扇/註四年)活動到3/31,19990,2024-03-03,RTX4070,RTX4070,華碩,O12G,2550MHz,CUDA:0,12.0,O,2550.0,MHz,
顯示卡 VGA,華碩 PROART-RTX4070-O12G(2565MHz/30cm/8Pin電源/三風扇/註五年)創作者,21490,2024-03-03,RTX4070,RTX4070,華碩,O12G,2565MHz,CUDA:0,12.0,O,2565.0,MHz,
顯示卡 VGA,華碩 TUF-RTX4070-12G-GAMING(2580MHz/30cm/8Pin電源/三風扇/註五年)-升級OC,20990,2024-03-03,RTX4070,RTX4070,華碩,12G,2580MHz,CUDA:0,12.0,G,2580.0,MHz,
顯示卡 VGA,華碩 TUF-RTX4070-O12G-GAMING(2580MHz/30cm/8Pin電源/三風扇/註五年),22490,2024-03-03,RTX4070,RTX4070,華碩,O12G,2580MHz,CUDA:0,12.0,O,2580.0,MHz,
顯示卡 VGA,華碩 ROG-STRIX-RTX4070-O12G-GAMING(2640MHz/34cm/16Pin/三風扇/註五年),24990,2024-03-03,RTX4070,RTX4070,華碩,O12G,2640MHz,CUDA:0,12.0,O,2640.0,MHz,
顯示卡 VGA,技嘉 RTX4070 WINDFORCE OC 12G(2490MHz/26cm/8Pin/三風扇/註四年)優惠2/28止,18990,2024-03-03,RTX4070,RTX4070,技嘉,12G,2490MHz,CUDA:0,12.0,G,2490.0,MHz,
顯示卡 VGA,技嘉 RTX4070 EAGLE OC 12G(2505MHz/26cm/8Pin/註五年)三風扇C/P值之王,19790,2024-03-03,RTX4070,RTX4070,技嘉,12G,2505MHz,CUDA:0,12.0,G,2505.0,MHz,
顯示卡 VGA,技嘉 RTX4070 EAGLE OC V2 12G(2505MHz/28cm/8Pin/三風扇/註五年),19890,2024-03-03,RTX4070,RTX4070,技嘉,12G,2505MHz,CUDA:0,12.0,G,2505.0,MHz,
顯示卡 VGA,技嘉 RTX4070 GAMING OC 12G(2565MHz/30cm/16Pin電源/RGB三風扇/註五年),22490,2024-03-03,RTX4070,RTX4070,技嘉,12G,2565MHz,CUDA:0,12.0,G,2565.0,MHz,
顯示卡 VGA,技嘉 RTX4070 AERO OC 12G(2565MHz/30cm/16Pin電源/三風扇/白色/註五年/),23390,2024-03-03,RTX4070,RTX4070,技嘉,12G,2565MHz,CUDA:0,12.0,G,2565.0,MHz,
顯示卡 VGA,技嘉 AORUS RTX4070 MASTER 12G(2670MHz/34cm/16Pin/RGB三風扇/註五年),24490,2024-03-03,RTX4070,RTX4070,技嘉,12G,2670MHz,CUDA:0,12.0,G,2670.0,MHz,
顯示卡 VGA,微星 RTX4070 VENTUS 2X E 12G OC(2520MHz/24cm/8Pin電源/雙風扇/註五年),18990,2024-03-03,RTX4070,RTX4070,微星,12G,2520MHz,CUDA:0,12.0,G,2520.0,MHz,
顯示卡 VGA,微星 RTX4070 VENTUS 2X WHITE 12G OC(2520MHz/24cm/8Pin/雙風扇/註五年),19990,2024-03-03,RTX4070,RTX4070,微星,12G,2520MHz,CUDA:0,12.0,G,2520.0,MHz,
顯示卡 VGA,微星 RTX4070 VENTUS 3X E 12G(2490MHz/31cm/三風扇/8Pin電源/註五年),18990,2024-03-03,RTX4070,RTX4070,微星,12G,2490MHz,CUDA:0,12.0,G,2490.0,MHz,
顯示卡 VGA,微星 RTX4070 VENTUS 3X E 12G OC(2520MHz/31cm/三風扇/8Pin電源/註五年),20390,2024-03-03,RTX4070,RTX4070,微星,12G,2520MHz,CUDA:0,12.0,G,2520.0,MHz,
顯示卡 VGA,微星 RTX4070 GAMING X SLIM 12G(2625MHz/31cm/三風扇/16Pin電源/註五年),20890,2024-03-03,RTX4070,RTX4070,微星,12G,2625MHz,CUDA:0,12.0,G,2625.0,MHz,
顯示卡 VGA,微星 RTX4070 GAMING X SLIM WHITE 12G(2625MHz/31cm/三風扇/16Pin/白/註五年),22590,2024-03-03,RTX4070,RTX4070,微星,12G,2625MHz,CUDA:0,12.0,G,2625.0,MHz,
顯示卡 VGA,INNO3D RTX4070 TWIN X2 OC(2505MHz/25cm/超頻雙風扇扇/註四年),18888,2024-03-03,RTX4070,RTX4070,Unknown,0GB,2505MHz,CUDA:0,0.0,GB,2505.0,MHz,
顯示卡 VGA,INNO3D RTX4070 TWIN X2 OC WHITE(2505MHz/25cm/白-超頻雙風扇扇/註四年),19888,2024-03-03,RTX4070,RTX4070,Unknown,0GB,2505MHz,CUDA:0,0.0,GB,2505.0,MHz,
顯示卡 VGA,INNO3D RTX4070 TWIN X2 OC WHITE STEALT(2505MHz/25cm/白/註四年)背插電源線,19888,2024-03-03,RTX4070,RTX4070,Unknown,0GB,2505MHz,CUDA:0,0.0,GB,2505.0,MHz,
顯示卡 VGA,INNO3D RTX4070 ICHILL X3(2535MHz/33.4cm/ARGB三風扇/註冊五年保),20888,2024-03-03,RTX4070,RTX4070,Unknown,0GB,2535MHz,CUDA:0,0.0,GB,2535.0,MHz,
顯示卡 VGA,華碩 DUAL-RTX4070S-12G(2505MHz/27cm/雙風扇/註四年)軸向式風扇,21990,2024-03-03,RTX4070,RTX4070,華碩,12G,2505MHz,CUDA:0,12.0,G,2505.0,MHz,
顯示卡 VGA,華碩 DUAL-RTX4070S-O12G(2550MHz/27cm/雙風扇/註四年)軸向式風扇,22490,2024-03-03,RTX4070,RTX4070,華碩,O12G,2550MHz,CUDA:0,12.0,O,2550.0,MHz,
顯示卡 VGA,華碩 DUAL-RTX4070S-O12G-WHITE(2550MHz/27cm/雙風扇/註四年/白色)軸向式風扇,22990,2024-03-03,RTX4070,RTX4070,華碩,O12G,2550MHz,CUDA:0,12.0,O,2550.0,MHz,
顯示卡 VGA,華碩 PROART-RTX4070S-O12G(2565MHz/30cm/三風扇/註五年)創作者系列,22990,2024-03-03,RTX4070,RTX4070,華碩,O12G,2565MHz,CUDA:0,12.0,O,2565.0,MHz,
顯示卡 VGA,華碩 TUF-RTX4070S-O12G-GAMING(2595MHz/30cm/三風扇/註五年)軸向式風扇,23990,2024-03-03,RTX4070,RTX4070,華碩,O12G,2595MHz,CUDA:0,12.0,O,2595.0,MHz,
顯示卡 VGA,華碩 ROG-STRIX-RTX4070S-O12G-GAMING(2670MHz/34cm/三風扇/註五年)HDMI*2,26990,2024-03-03,RTX4070,RTX4070,華碩,O12G,2670MHz,CUDA:0,12.0,O,2670.0,MHz,
顯示卡 VGA,技嘉 RTX4070 SUPER WINDFORCE OC 12G(2505MHz/26cm/三風扇/註四年),21990,2024-03-03,RTX4070,RTX4070,技嘉,12G,2505MHz,CUDA:0,12.0,G,2505.0,MHz,
顯示卡 VGA,技嘉 RTX4070 SUPER EAGLE OC 12G(2535MHz/26cm/三風扇/註五年)任搭優惠到3/31,22990,2024-03-03,RTX4070,RTX4070,技嘉,12G,2535MHz,CUDA:0,12.0,G,2535.0,MHz,
顯示卡 VGA,技嘉 RTX4070 SUPER EAGLE OC ICE12G 冰魄白(2535MHz/26cm/三風扇/註五年),23590,2024-03-03,RTX4070,RTX4070,技嘉,0GB,2535MHz,CUDA:0,0.0,GB,2535.0,MHz,
顯示卡 VGA,技嘉 RTX4070 SUPER GAMING OC 12G(2565MHz/30cm/三風扇/註五年)任搭優惠到3/31,23990,2024-03-03,RTX4070,RTX4070,技嘉,12G,2565MHz,CUDA:0,12.0,G,2565.0,MHz,
顯示卡 VGA,技嘉 RTX4070 SUPER AERO OC 12G(2565MHz/30cm/三風扇/註五年/白色),24990,2024-03-03,RTX4070,RTX4070,技嘉,12G,2565MHz,CUDA:0,12.0,G,2565.0,MHz,
顯示卡 VGA,技嘉 AORUS RTX4070 SUPER MASTER 12G(2655MHz/34cm/RGB三風扇/註五年),26490,2024-03-03,RTX4070,RTX4070,技嘉,12G,2655MHz,CUDA:0,12.0,G,2655.0,MHz,
顯示卡 VGA,微星 RTX4070 SUPER 12G VENTUS 2X OC(2520MHz/24cm/雙風扇/註五年),21990,2024-03-03,RTX4070,RTX4070,微星,12G,2520MHz,CUDA:0,12.0,G,2520.0,MHz,
顯示卡 VGA,微星 RTX4070 SUPER 12G VENTUS 2X WHITE OC(2520MHz/24cm/雙風扇/註五年/白),22500,2024-03-03,RTX4070,RTX4070,微星,12G,2520MHz,CUDA:0,12.0,G,2520.0,MHz,
顯示卡 VGA,微星 RTX4070 SUPER 12G VENTUS 3X OC(2520MHz/31cm/三風扇/註五年),22990,2024-03-03,RTX4070,RTX4070,微星,12G,2520MHz,CUDA:0,12.0,G,2520.0,MHz,
顯示卡 VGA,微星 RTX4070 SUPER 12G GAMING X SLIM(2655MHz/31cm/三風扇/註五年),23500,2024-03-03,RTX4070,RTX4070,微星,12G,2655MHz,CUDA:0,12.0,G,2655.0,MHz,
顯示卡 VGA,微星 RTX4070 SUPER 12G GAMING X SLIM MLG[魔龍姬](2655MHz/31cm/三風扇),23990,2024-03-03,RTX4070,RTX4070,微星,12G,2655MHz,CUDA:0,12.0,G,2655.0,MHz,
顯示卡 VGA,微星 RTX4070 SUPER 12G GAMING X SLIM WHITE(2655MHz/31cm/三風扇/註五年/白),23990,2024-03-03,RTX4070,RTX4070,微星,12G,2655MHz,CUDA:0,12.0,G,2655.0,MHz,
顯示卡 VGA,ZOTAC RTX4070 SUPER Twin Edge(2475MHz/23.5cm/註五年/雙風扇)*無痛升級OC版,21990,2024-03-03,RTX4070,RTX4070,ZOTAC,0GB,2475MHz,CUDA:0,0.0,GB,2475.0,MHz,
顯示卡 VGA,ZOTAC RTX4070 SUPER Twin Edge OC(2490MHz/23.5cm/註五年/雙風扇) ㊣㊣㊣㊣,21990,2024-03-03,RTX4070,RTX4070,ZOTAC,0GB,2490MHz,CUDA:0,0.0,GB,2490.0,MHz,
顯示卡 VGA,INNO3D RTX4070 SUPER 12GB GDDR6X TWIN X2(2475MHz/25cm/註四年/雙風扇),21888,2024-03-03,RTX4070,RTX4070,Unknown,12GB,2475MHz,CUDA:0,12.0,GB,2475.0,MHz,6
顯示卡 VGA,INNO3D RTX4070 SUPER 12GB GDDR6X X3 OC(2505MHz/30cm/註四年/超頻三風扇),22888,2024-03-03,RTX4070,RTX4070,Unknown,12GB,2505MHz,CUDA:0,12.0,GB,2505.0,MHz,6
顯示卡 VGA,華碩 TUF-RTX4070TI-O12G-GAMING(2760MHz/31cm/註五年/三風扇) HDMI*2(3/31止),24990,2024-03-03,RTX4070,RTX4070,華碩,O12G,2760MHz,CUDA:0,12.0,O,2760.0,MHz,
顯示卡 VGA,華碩 ROG-STRIX-RTX4070TI-12G-GAMING(2640MHz/34cm/註冊五年)HDMI*2,33490,2024-03-03,RTX4070,RTX4070,華碩,12G,2640MHz,CUDA:0,12.0,G,2640.0,MHz,
顯示卡 VGA,華碩 ROG-STRIX-RTX4070TI-O12G-GAMING(2790MHz/34cm/註冊五年)HDMI*2,33990,2024-03-03,RTX4070,RTX4070,華碩,O12G,2790MHz,CUDA:0,12.0,O,2790.0,MHz,
顯示卡 VGA,技嘉 RTX4070Ti WINDFORCE OC 12G(2625MHz/26cm/三風扇)火力全輸出!!優惠2/28止,23888,2024-03-03,RTX4070,RTX4070,技嘉,12G,2625MHz,CUDA:0,12.0,G,2625.0,MHz,
顯示卡 VGA,技嘉 RTX4070Ti EAGLE 12G(2610MHz/30.1cm/註四年/三風扇),24890,2024-03-03,RTX4070,RTX4070,技嘉,12G,2610MHz,CUDA:0,12.0,G,2610.0,MHz,
顯示卡 VGA,技嘉 RTX4070Ti EAGLE OC 12G(rev2.0)(2625MHz/26cm/註五年/三風扇)*短卡設計,24990,2024-03-03,RTX4070,RTX4070,技嘉,12G,2625MHz,CUDA:0,12.0,G,2625.0,MHz,
顯示卡 VGA,技嘉 RTX4070Ti GAMING OC 12G(2640MHz/34cm/RGB三風扇/註冊五年)*限時促銷,25800,2024-03-03,RTX4070,RTX4070,技嘉,12G,2640MHz,CUDA:0,12.0,G,2640.0,MHz,
顯示卡 VGA,技嘉 RTX4070Ti AERO OC 12G(2640MHz/34cm/三風扇/註冊五年),26990,2024-03-03,RTX4070,RTX4070,技嘉,12G,2640MHz,CUDA:0,12.0,G,2640.0,MHz,
顯示卡 VGA,技嘉 AORUS RTX4070Ti ELITE 12G(2655MHz/34cm/註冊五年/RGB三風扇),25900,2024-03-03,RTX4070,RTX4070,技嘉,12G,2655MHz,CUDA:0,12.0,G,2655.0,MHz,
顯示卡 VGA,技嘉 AORUS RTX4070Ti MASTER 12G(2670MHz/34cm/註冊五年/RGB三風扇),33990,2024-03-03,RTX4070,RTX4070,技嘉,12G,2670MHz,CUDA:0,12.0,G,2670.0,MHz,
顯示卡 VGA,微星 RTX4070TI VENTUS 3X E1 12G OC(2655MHz/31cm/註冊五年/三風扇),23990,2024-03-03,RTX4070,RTX4070,微星,12G,2655MHz,CUDA:0,12.0,G,2655.0,MHz,
顯示卡 VGA,微星 RTX4070TI GAMING X SLIM 12G(2745MHz/30.7cm/註冊五年/三風扇),28990,2024-03-03,RTX4070,RTX4070,微星,12G,2745MHz,CUDA:0,12.0,G,2745.0,MHz,
顯示卡 VGA,微星 RTX4070TI GAMING X SLIM WHITE 12G(2745MHz/30.7cm/三風扇/註五年)-白色,28990,2024-03-03,RTX4070,RTX4070,微星,12G,2745MHz,CUDA:0,12.0,G,2745.0,MHz,
顯示卡 VGA,微星 RTX4070TI GAMING X TRIO 12G(2760MHz/34cm/註冊五年/三風扇),25990,2024-03-03,RTX4070,RTX4070,微星,12G,2760MHz,CUDA:0,12.0,G,2760.0,MHz,
顯示卡 VGA,微星 RTX4070TI SUPRIM 12G(2760MHz/34cm/註冊五年/三風扇),28790,2024-03-03,RTX4070,RTX4070,微星,12G,2760MHz,CUDA:0,12.0,G,2760.0,MHz,
顯示卡 VGA,微星 RTX4070TI SUPRIM X 12G(2790MHz/34cm/註冊五年/三風扇),28990,2024-03-03,RTX4070,RTX4070,微星,12G,2790MHz,CUDA:0,12.0,G,2790.0,MHz,
顯示卡 VGA,ZOTAC RTX4070Ti Trinity OC(2625MHz/31cm/註冊五年)首批OC當沒OC賣,22988,2024-03-03,RTX4070,RTX4070,ZOTAC,0GB,2625MHz,CUDA:0,0.0,GB,2625.0,MHz,
顯示卡 VGA,ZOTAC RTX4070Ti Trinity OC White Edition(2625MHz/31cm/註冊五年/白色),23990,2024-03-03,RTX4070,RTX4070,ZOTAC,0GB,2625MHz,CUDA:0,0.0,GB,2625.0,MHz,
顯示卡 VGA,ZOTAC RTX4070Ti AMP AIRO SPIDER-MAN【蜘蛛人：穿越新宇宙】聯名顯示卡-咻咻,29990,2024-03-03,RTX4070,RTX4070,ZOTAC,0GB,0MHz,CUDA:0,0.0,GB,0.0,MHz,
顯示卡 VGA,ZOTAC RTX4070Ti AMP AIRO(2670MHz/31cm/註冊五年/三風扇),31890,2024-03-03,RTX4070,RTX4070,ZOTAC,0GB,2670MHz,CUDA:0,0.0,GB,2670.0,MHz,
顯示卡 VGA,ZOTAC RTX4070Ti AMP Extreme AIRO(2700MHz/36cm/註五年/三風扇)[新年慶!],23990,2024-03-03,RTX4070,RTX4070,ZOTAC,0GB,2700MHz,CUDA:0,0.0,GB,2700.0,MHz,
顯示卡 VGA,INNO3D RTX4070TI 12GB iChill X3(2670MHz/33.4cm/註冊五年/ARGB三風扇),24888,2024-03-03,RTX4070,RTX4070,Unknown,12GB,2670MHz,CUDA:0,12.0,GB,2670.0,MHz,
顯示卡 VGA,華碩 TUF-RTX4070TIS-16G-GAMING(2640MHz/31cm/三風扇/註五年) HDMI*2,29490,2024-03-03,RTX4070,RTX4070,華碩,16G,2640MHz,CUDA:0,16.0,G,2640.0,MHz,
顯示卡 VGA,華碩 PROART-RTX4070TIS-O16G(2670MHz/30cm/三風扇/註五年) 創作者系列,30490,2024-03-03,RTX4070,RTX4070,華碩,O16G,2670MHz,CUDA:0,16.0,O,2670.0,MHz,
顯示卡 VGA,華碩 TUF-RTX4070TIS-O16G-GAMING(2670MHz/31cm/三風扇/註五年) HDMI*2,31490,2024-03-03,RTX4070,RTX4070,華碩,O16G,2670MHz,CUDA:0,16.0,O,2670.0,MHz,
顯示卡 VGA,華碩 TUF-RTX4070TIS-O16G-WHITE-GAMING(2670MHz/31cm/三風/註五年) HDMI*2,32490,2024-03-03,RTX4070,RTX4070,華碩,O16G,2670MHz,CUDA:0,16.0,O,2670.0,MHz,
顯示卡 VGA,華碩 ROG-STRIX-RTX4070TIS-O16G-GAMING(2700MHz/34cm/三風扇/註五年)HDMI*2,33990,2024-03-03,RTX4070,RTX4070,華碩,O16G,2700MHz,CUDA:0,16.0,O,2700.0,MHz,
顯示卡 VGA,技嘉 RTX4070Ti SUPER WINDFORCE OC 16G(2625MHz/26cm/三風扇/註四年),29490,2024-03-03,RTX4070,RTX4070,技嘉,16G,2625MHz,CUDA:0,16.0,G,2625.0,MHz,
顯示卡 VGA,技嘉 RTX4070Ti SUPER EAGLE OC 16G(2640MHz/26cm/三風扇/註五年),30490,2024-03-03,RTX4070,RTX4070,技嘉,16G,2640MHz,CUDA:0,16.0,G,2640.0,MHz,
顯示卡 VGA,技嘉 RTX4070Ti SUPER EAGLE OC ICE 16G 冰魄白(2640MHz/26cm/三風扇/註五年),31090,2024-03-03,RTX4070,RTX4070,技嘉,16G,2640MHz,CUDA:0,16.0,G,2640.0,MHz,
顯示卡 VGA,技嘉 RTX4070Ti SUPER GAMING OC 16G(2655MHz/30cm/三風扇/註五年)任搭優惠到3/31,31490,2024-03-03,RTX4070,RTX4070,技嘉,16G,2655MHz,CUDA:0,16.0,G,2655.0,MHz,
顯示卡 VGA,技嘉 RTX4070Ti SUPER AERO OC 16G(2655MHz/30cm/三風扇/註五年),32490,2024-03-03,RTX4070,RTX4070,技嘉,16G,2655MHz,CUDA:0,16.0,G,2655.0,MHz,
顯示卡 VGA,技嘉 AORUS RTX4070Ti SUPER MASTER 16G(2670MHz/34cm/ARGB三風扇/註五年),33990,2024-03-03,RTX4070,RTX4070,技嘉,16G,2670MHz,CUDA:0,16.0,G,2670.0,MHz,
顯示卡 VGA,微星 RTX4070Ti SUPER 16G VENTUS 3X OC(2655MHz/31cm/三風扇/註五年),29490,2024-03-03,RTX4070,RTX4070,微星,16G,2655MHz,CUDA:0,16.0,G,2655.0,MHz,
顯示卡 VGA,微星 RTX4070Ti SUPER 16G GAMING X SLIM(2685MHz/31cm/三風扇/註五年),30490,2024-03-03,RTX4070,RTX4070,微星,16G,2685MHz,CUDA:0,16.0,G,2685.0,MHz,
顯示卡 VGA,微星 RTX4070Ti SUPER 16G GAMING X SLIM WHITE(2685MHz/31cm/三風扇/註五年),30990,2024-03-03,RTX4070,RTX4070,微星,16G,2685MHz,CUDA:0,16.0,G,2685.0,MHz,
顯示卡 VGA,微星 RTX4070Ti SUPER 16G EXPERT(2685MHz/31cm/註五年)推拉式氣流.鋁製散熱片,31990,2024-03-03,RTX4070,RTX4070,微星,16G,2685MHz,CUDA:0,16.0,G,2685.0,MHz,
顯示卡 VGA,ZOTAC RTX4070Ti SUPER Trinity Black Edition(2610MHz/31cm/註五年/三風扇)㊣㊣㊣,29490,2024-03-03,RTX4070,RTX4070,ZOTAC,0GB,2610MHz,CUDA:0,0.0,GB,2610.0,MHz,
顯示卡 VGA,ZOTAC RTX4070Ti SUPER Trinity OC White Edition(2610MHz/31cm/註五年/三風扇),30490,2024-03-03,RTX4070,RTX4070,ZOTAC,0GB,2610MHz,CUDA:0,0.0,GB,2610.0,MHz,
顯示卡 VGA,ZOTAC RTX4070Ti SUPER AMP Holo(2640MHz/36cm/註五年/三風扇) ㊣㊣㊣,30990,2024-03-03,RTX4070,RTX4070,ZOTAC,0GB,2640MHz,CUDA:0,0.0,GB,2640.0,MHz,
顯示卡 VGA,INNO3D RTX4070Ti SUPER 16GB GDDR6X TWIN X2(2610MHz/25cm/註四年/雙風扇),29488,2024-03-03,RTX4070,RTX4070,Unknown,16GB,2610MHz,CUDA:0,16.0,GB,2610.0,MHz,6
顯示卡 VGA,INNO3D RTX4070Ti SUPER 16GB GDDR6X X3 OC(2640MHz/30cm/註四年/三風扇),30888,2024-03-03,RTX4070,RTX4070,Unknown,16GB,2640MHz,CUDA:0,16.0,GB,2640.0,MHz,6
顯示卡 VGA,INNO3D RTX4070Ti SUPER 16GB GDDR6X iChill X3(2670MHz/34cm/ARGB三風扇),31888,2024-03-03,RTX4070,RTX4070,Unknown,16GB,2670MHz,CUDA:0,16.0,GB,2670.0,MHz,6
顯示卡 VGA,ZOTAC RTX4080 16GB AMP Extreme AIRO(2565MHz/35.55cm) 最高階出手！,34990,2024-03-03,RTX4080,RTX4080,ZOTAC,16GB,2565MHz,CUDA:0,16.0,GB,2565.0,MHz,
顯示卡 VGA,華碩 TUF-RTX4080S-O16G-GAMING(2640MHz/35cm/三風扇/註五年) HDMI*2,39490,2024-03-03,RTX4080,RTX4080,華碩,O16G,2640MHz,CUDA:0,16.0,O,2640.0,MHz,
顯示卡 VGA,技嘉 RTX4080 SUPER WINDFORCE 16G(2550MHz/33cm/三風扇/註四年),36490,2024-03-03,RTX4080,RTX4080,技嘉,16G,2550MHz,CUDA:0,16.0,G,2550.0,MHz,
顯示卡 VGA,技嘉 RTX4080 SUPER GAMING OC 16G(2595MHz/34cm/三風扇/註五年),38590,2024-03-03,RTX4080,RTX4080,技嘉,16G,2595MHz,CUDA:0,16.0,G,2595.0,MHz,
顯示卡 VGA,微星 RTX4080 SUPER 16G VENTUS 3X OC(2595MHz/32cm/三風扇/註五年)HDMI*2,36490,2024-03-03,RTX4080,RTX4080,微星,16G,2595MHz,CUDA:0,16.0,G,2595.0,MHz,
顯示卡 VGA,微星 RTX4080 SUPER 16G GAMING X SLIM(2625MHz/32cm/三風扇/註五年)HDMI*2,37490,2024-03-03,RTX4080,RTX4080,微星,16G,2625MHz,CUDA:0,16.0,G,2625.0,MHz,
顯示卡 VGA,微星 RTX4080 SUPER 16G GAMING X SLIM WHITE(2625MHz/32cm/三風扇/白)HDMI*2,37990,2024-03-03,RTX4080,RTX4080,微星,16G,2625MHz,CUDA:0,16.0,G,2625.0,MHz,
顯示卡 VGA,微星 RTX4080 SUPER 16G EXPERT(2625MHz/31cm/註五年) 推拉式氣流.鋁製散熱片,38990,2024-03-03,RTX4080,RTX4080,微星,16G,2625MHz,CUDA:0,16.0,G,2625.0,MHz,
顯示卡 VGA,ZOTAC RTX4080 SUPER Trinity Black Edition(2550MHz/31cm/註五年/三風扇)㊣㊣㊣,36490,2024-03-03,RTX4080,RTX4080,ZOTAC,0GB,2550MHz,CUDA:0,0.0,GB,2550.0,MHz,
顯示卡 VGA,ZOTAC RTX4080 SUPER Trinity OC White Edition(2565MHz/31cm/註五年/三風扇),37990,2024-03-03,RTX4080,RTX4080,ZOTAC,0GB,2565MHz,CUDA:0,0.0,GB,2565.0,MHz,
顯示卡 VGA,ZOTAC RTX4080 SUPER AMP Extreme AIRO(2610MHz/36cm/註五年/三風)㊣㊣㊣㊣,38990,2024-03-03,RTX4080,RTX4080,ZOTAC,0GB,2610MHz,CUDA:0,0.0,GB,2610.0,MHz,
顯示卡 VGA,INNO3D RTX4080 SUPER 16GB GDDR6X X3(2550MHz/34cm/註冊四年/三風扇),36488,2024-03-03,RTX4080,RTX4080,Unknown,16GB,2550MHz,CUDA:0,16.0,GB,2550.0,MHz,6
顯示卡 VGA,INNO3D RTX4080 SUPER 16GB GDDR6X iChill X3(2610MHz/33.4cm/ARGB三風扇),37888,2024-03-03,RTX4080,RTX4080,Unknown,16GB,2610MHz,CUDA:0,16.0,GB,2610.0,MHz,6
顯示卡 VGA,華碩 TUF-RTX4090-O24G-GAMING(2595MHz/34.82cm/註五年)軍用級電容,62990,2024-03-03,RTX4090,RTX4090,華碩,O24G,2595MHz,CUDA:0,24.0,O,2595.0,MHz,
顯示卡 VGA,華碩 ROG-STRIX-RTX4090-O24G-GAMING(2640MHz/35.76cm/註五年)軸向式風扇,65990,2024-03-03,RTX4090,RTX4090,華碩,O24G,2640MHz,CUDA:0,24.0,O,2640.0,MHz,
顯示卡 VGA,華碩 ROG-STRIX-RTX4090-O24G-WHITE(2640MHz/35.76cm/註五年)軸向式風扇,68990,2024-03-03,RTX4090,RTX4090,華碩,O24G,2640MHz,CUDA:0,24.0,O,2640.0,MHz,
顯示卡 VGA,技嘉 RTX4090 WINDFORCE V2 24G(2520MHz/33.1cm/註冊四年/三風扇),60990,2024-03-03,RTX4090,RTX4090,技嘉,24G,2520MHz,CUDA:0,24.0,G,2520.0,MHz,
顯示卡 VGA,技嘉 RTX4090 GAMING OC 24G(2535MHz/34cm/三風扇/註五年)任搭優惠到3/31,62990,2024-03-03,RTX4090,RTX4090,技嘉,24G,2535MHz,CUDA:0,24.0,G,2535.0,MHz,
顯示卡 VGA,技嘉 RTX4090 AERO OC 24G(2535MHz/34.2cm/註五年)任搭優惠到3/31,63990,2024-03-03,RTX4090,RTX4090,技嘉,24G,2535MHz,CUDA:0,24.0,G,2535.0,MHz,
顯示卡 VGA,技嘉 AORUS RTX4090 MASTER 24G(2550MHz/35.85cm/RGB三風扇/註冊五年)任搭優惠到3/31,65990,2024-03-03,RTX4090,RTX4090,技嘉,24G,2550MHz,CUDA:0,24.0,G,2550.0,MHz,
顯示卡 VGA,技嘉 AORUS RTX4090 XTREME WATERFORCE 24G(2565MHz/23.8cm/封閉水冷)任搭優惠到3/31,68490,2024-03-03,RTX4090,RTX4090,技嘉,24G,2565MHz,CUDA:0,24.0,G,2565.0,MHz,
顯示卡 VGA,微星 RTX4090 GAMING SLIM 24G(2535MHz/32.2cm/三風扇/註冊五年),59890,2024-03-03,RTX4090,RTX4090,微星,24G,2535MHz,CUDA:0,24.0,G,2535.0,MHz,
顯示卡 VGA,微星 RTX4090 GAMING X SLIM 24G(2610MHz/32.2cm/三風扇/註冊五年),62990,2024-03-03,RTX4090,RTX4090,微星,24G,2610MHz,CUDA:0,24.0,G,2610.0,MHz,
顯示卡 VGA,微星 RTX4090 SUPRIM LIQUID X 24G(2640MHz/28cm)氣冷+水冷雙系統,65990,2024-03-03,RTX4090,RTX4090,微星,24G,2640MHz,CUDA:0,24.0,G,2640.0,MHz,
顯示卡 VGA,麗臺 T400(4G GDDR6 64bit/CUDA:384/15.6cm/12nm製程/註冊三年),5900,2024-03-03,Unknown,Unknown,麗臺,4G,0MHz,CUDA:384,4.0,G,0.0,MHz,6
顯示卡 VGA,麗臺 T1000(4G GDDR6 128bit/CUDA:896/15.6cm/12nm/註冊三年),11900,2024-03-03,Unknown,Unknown,麗臺,4G,0MHz,CUDA:896,4.0,G,0.0,MHz,6
顯示卡 VGA,麗臺 T1000(8G GDDR6 128bit/CUDA:896/15.6cm/12nm/註冊三年),14500,2024-03-03,Unknown,Unknown,麗臺,8G,0MHz,CUDA:896,8.0,G,0.0,MHz,6
顯示卡 VGA,麗臺 NVIDIA RTX 4000 SFF Ada(20GB GDDR6/16.76cm/註三年)【少量.價可議】,58000,2024-03-03,NVIDIA RTX 4000,NVIDIA RTX 4000,麗臺,20GB,0MHz,CUDA:0,20.0,GB,0.0,MHz,6
顯示卡 VGA,麗臺 NVIDIA RTX 6000 Ada(48GB GDDR6/26.67cm/註三年)【少量.價可議】,299000,2024-03-03,NVIDIA RTX 6000,NVIDIA RTX 6000,麗臺,48GB,0MHz,CUDA:0,48.0,GB,0.0,MHz,6
顯示卡 VGA,麗臺 NVIDIA RTX A2000(6G GDDR6 192/CUDA:3328/16.76cm)【價可議】,17800,2024-03-03,Unknown,Unknown,麗臺,6G,0MHz,CUDA:3328,6.0,G,0.0,MHz,6
顯示卡 VGA,麗臺 NVIDIA RTX A2000(12G GDDR6 192/CUDA:3328/16.76cm)【價可議】,26900,2024-03-03,Unknown,Unknown,麗臺,12G,0MHz,CUDA:3328,12.0,G,0.0,MHz,6
顯示卡 VGA,麗臺 NVIDIA RTX A4000(16G GDDR6 256bit/CUDA:6144/24.2cm)【價可議】,43900,2024-03-03,Unknown,Unknown,麗臺,16G,0MHz,CUDA:6144,16.0,G,0.0,MHz,6
顯示卡 VGA,麗臺 NVIDIA RTX A4500(20G GDDR6 256bit/CUDA:7168/26.7cm)【少量.價可議】,67000,2024-03-03,Unknown,Unknown,麗臺,20G,0MHz,CUDA:7168,20.0,G,0.0,MHz,6
顯示卡 VGA,麗臺 NVIDIA RTX A5000(24G GDDR6 384bit/CUDA:8192/26.7cm)【少量.價可議】,93000,2024-03-03,Unknown,Unknown,麗臺,24G,0MHz,CUDA:8192,24.0,G,0.0,MHz,6
顯示卡 VGA,麗臺 NVIDIA RTX A5500(24G GDDR6 384bit/CUDA:10240/26.7cm)【少量.價可議】,143000,2024-03-03,Unknown,Unknown,麗臺,24G,0MHz,CUDA:10240,24.0,G,0.0,MHz,6
顯示卡 VGA,麗臺 NVIDIA RTX A6000(48G GDDR6 384bit/CUDA:10752/26.7cm)【客訂.價可議】,180000,2024-03-03,Unknown,Unknown,麗臺,48G,0MHz,CUDA:10752,48.0,G,0.0,MHz,6
顯示卡 VGA,麗臺 Quadro SYNC II 同步卡(適用Quadro GP100/P6000/P5000/P4000)【客訂,36000,2024-03-03,Unknown,Unknown,麗臺,0GB,0MHz,CUDA:0,0.0,GB,0.0,MHz,
顯示卡 VGA,撼訊 AXR7 240 2GBD5-HLEV2(780MHz/18cm/三年保),2790,2024-03-03,Unknown,Unknown,Unknown,2GB,780MHz,CUDA:0,2.0,GB,780.0,MHz,
顯示卡 VGA,華擎 RX6500XT Phantom Gaming D 4GB OC(2820MHz/24cm/四年保) *尾盤,4790,2024-03-03,RX6500,RX6500,Unknown,4GB,2820MHz,CUDA:0,4.0,GB,2820.0,MHz,
顯示卡 VGA,撼訊 AXRX 6500XT 4GBD6-DH/OC 競技版(2820MHz/19.1cm/三年保),6290,2024-03-03,RX 6500,RX 6500,Unknown,4GB,2820MHz,CUDA:0,4.0,GB,2820.0,MHz,
顯示卡 VGA,撼訊 AXRX6650XT 8GBD6-3DH 競技版(2635MHz/21.2cm/雙風扇/三年保),6990,2024-03-03,RX6650,RX6650,Unknown,8GB,2635MHz,CUDA:0,8.0,GB,2635.0,MHz,
顯示卡 VGA,華碩 DUAL-RX7600-O8G-V2(2715MHz/20.5cm/雙風扇/註四年),8890,2024-03-03,RX7600,RX7600,華碩,O8G,2715MHz,CUDA:0,8.0,O,2715.0,MHz,
顯示卡 VGA,技嘉 Radeon RX7600 GAMING OC 8G(2755MHz/28.2cm/三風扇/註五年),9290,2024-03-03,RX7600,RX7600,技嘉,8G,2755MHz,CUDA:0,8.0,G,2755.0,MHz,
顯示卡 VGA,ACER 宏�� Predator Radeon RX7600 8G(2655MHz/26.7cm/雙風扇/註三年),8490,2024-03-03,RX7600,RX7600,Unknown,8G,2655MHz,CUDA:0,8.0,G,2655.0,MHz,
顯示卡 VGA,ACER 宏�� Predator Radeon RX7600 8G OC(2725MHz/26.7cm/雙風扇/註三年),8990,2024-03-03,RX7600,RX7600,Unknown,8G,2725MHz,CUDA:0,8.0,G,2725.0,MHz,
顯示卡 VGA,撼訊 RX7600 8G-F 競技版(2655MHz/21.2cm/雙風扇/註三年) *尾盤,8890,2024-03-03,RX7600,RX7600,Unknown,8G,2655MHz,CUDA:0,8.0,G,2655.0,MHz,
顯示卡 VGA,撼訊 RX7600 8G-L/OC 暗黑犬(2695MHz/23.4cm/雙風扇/註四年),9290,2024-03-03,RX7600,RX7600,Unknown,8G,2695MHz,CUDA:0,8.0,G,2695.0,MHz,
顯示卡 VGA,華碩 DUAL-RX7600XT-O16G(2801MHz/23cm/雙風扇/註四年),10990,2024-03-03,RX7600,RX7600,華碩,O16G,2801MHz,CUDA:0,16.0,O,2801.0,MHz,
顯示卡 VGA,華碩 TUF-RX7600XT-O16G-GAMING(2830MHz/30cm/三風扇/註五年),12490,2024-03-03,RX7600,RX7600,華碩,O16G,2830MHz,CUDA:0,16.0,O,2830.0,MHz,
顯示卡 VGA,Acer Nitro Radeon RX7600XT OC 16G(2810MHz/27cm/雙風扇/註三年),10890,2024-03-03,RX7600,RX7600,Unknown,16G,2810MHz,CUDA:0,16.0,G,2810.0,MHz,
顯示卡 VGA,撼訊 RX7600XT 16G-L/OC 暗黑犬(2810MHz/22cm/雙風扇/註四年),11990,2024-03-03,RX7600,RX7600,Unknown,16G,2810MHz,CUDA:0,16.0,G,2810.0,MHz,
顯示卡 VGA,華碩 DUAL-RX7700XT-O12G(2599MHz/28cm/雙風扇/註四年),15790,2024-03-03,RX7700,RX7700,華碩,O12G,2599MHz,CUDA:0,12.0,O,2599.0,MHz,
顯示卡 VGA,華擎 RX7700XT Challenger 12G OC(2585MHz/26.6cm/雙風扇/註五年),15790,2024-03-03,RX7700,RX7700,Unknown,12G,2585MHz,CUDA:0,12.0,G,2585.0,MHz,
顯示卡 VGA,撼訊 RX7700XT 12G-F/OC 競技版(2584MHz/30.3cm/三風扇/三年保),15790,2024-03-03,RX7700,RX7700,Unknown,12G,2584MHz,CUDA:0,12.0,G,2584.0,MHz,
顯示卡 VGA,撼訊 RX7700XT 12G-L/OC 暗黑犬(2599MHz/33.2cm/三風扇/註四年),16490,2024-03-03,RX7700,RX7700,Unknown,12G,2599MHz,CUDA:0,12.0,G,2599.0,MHz,
顯示卡 VGA,華碩 TUF-RX7800XT-O16G-GAMING(2565MHz/31.98cm/三風扇/註五年),17590,2024-03-03,RX7800,RX7800,華碩,O16G,2565MHz,CUDA:0,16.0,O,2565.0,MHz,
顯示卡 VGA,華擎 RX7800XT Challenger 16G OC(2475MHz/26.7cm/雙風扇/註五年)送ARKY公仔,17590,2024-03-03,RX7800,RX7800,Unknown,16G,2475MHz,CUDA:0,16.0,G,2475.0,MHz,
顯示卡 VGA,華擎 RX7800XT Steel Legend 16G OC(2520MHz/30.4cm/三風扇/註五年)送ARKY公仔,18990,2024-03-03,RX7800,RX7800,Unknown,16G,2520MHz,CUDA:0,16.0,G,2520.0,MHz,
顯示卡 VGA,撼訊 RX7800XT 16G-L/OC 暗黑犬(2520MHz/33.2cm/LED三風扇/四年保),17990,2024-03-03,RX7800,RX7800,Unknown,16G,2520MHz,CUDA:0,16.0,G,2520.0,MHz,
顯示卡 VGA,撼訊 RX7800XT 16G-E/OC 紅魔(2565MHz/34.5cm/三風扇/註五年),19490,2024-03-03,RX7800,RX7800,Unknown,16G,2565MHz,CUDA:0,16.0,G,2565.0,MHz,
顯示卡 VGA,華碩 TUF-RX7900XT-O20G-GAMING(2535MHz/35.29cm/註五年),30990,2024-03-03,RX7900,RX7900,華碩,O20G,2535MHz,CUDA:0,20.0,O,2535.0,MHz,
顯示卡 VGA,技嘉 Radeon RX7900XT GAMING OC 20G(2535MHz/33.1cm/註五年),30990,2024-03-03,RX7900,RX7900,技嘉,20G,2535MHz,CUDA:0,20.0,G,2535.0,MHz,
顯示卡 VGA,華擎 RX7900XT Phantom Gaming White 20GB OC(2450MHz/33cm/註五年),29990,2024-03-03,RX7900,RX7900,Unknown,20GB,2450MHz,CUDA:0,20.0,GB,2450.0,MHz,
顯示卡 VGA,華碩 TUF-RX7900XTX-O24G-GAMING(2615MHz/35.29cm/註冊五年),36490,2024-03-03,RX7900,RX7900,華碩,O24G,2615MHz,CUDA:0,24.0,O,2615.0,MHz,
顯示卡 VGA,技嘉 RX7900XTX GAMING OC 24G(2525MHz/33.1cm/註冊五年),36490,2024-03-03,RX7900,RX7900,技嘉,24G,2525MHz,CUDA:0,24.0,G,2525.0,MHz,
顯示卡 VGA,撼訊 RX7900XTX 24G-E/OC 紅魔(2565MHz/34.8cm/三風扇/註五年),38990,2024-03-03,RX7900,RX7900,Unknown,24G,2565MHz,CUDA:0,24.0,G,2565.0,MHz,
顯示卡 VGA,撼訊 RX7900XTX 24G-L/OC 暗黑犬(2525MHz/33.8cm/註四年/三風扇),35990,2024-03-03,RX7900,RX7900,Unknown,24G,2525MHz,CUDA:0,24.0,G,2525.0,MHz,
顯示卡 VGA,撼訊 RX7900XTX 24G-L/OC/WHITE 暗黑犬-白(2525MHz/33.8cm/註四年/三風扇),36990,2024-03-03,RX7900,RX7900,Unknown,24G,2525MHz,CUDA:0,24.0,G,2525.0,MHz,
