class,name,price,etl_date,brand,capacity,drive_type,read_speed,write_speed,model,id,capacity_value,capacity_unit,cut_name
固態硬碟 M.2｜SSD,UMAX S330 240GB /2.5吋 讀:520MB寫:450MB/3D NAND Flash【三年保】,490,2024-03-12,UMAX S,240GB,SSD,520.0,450.0,UMAX S330,UMAX S330,240.0,GB,UMAX S330 240GB
固態硬碟 M.2｜SSD,UMAX S330 480GB /2.5吋 讀:560MB寫:450MB/3D NAND Flash【三年保】,880,2024-03-12,UMAX S,480GB,SSD,560.0,450.0,UMAX S330,UMAX S330,480.0,GB,UMAX S330 480GB
固態硬碟 M.2｜SSD,UMAX S330 960GB /2.5吋 讀:560MB寫:500MB/3D NAND Flash【三年保】,1600,2024-03-12,UMAX S,960GB,SSD,560.0,500.0,UMAX S330,UMAX S330,960.0,GB,UMAX S330 960GB
固態硬碟 M.2｜SSD,威剛 Ultimate SU650 120G/2.5吋/讀:520M/寫:320M/TLC顆粒【三年保】,350,2024-03-12,威剛 Ultimate SU,,SSD,520.0,320.0,Ultimate SU650,Ultimate SU650,,,威剛 Ultimate SU650 120G
固態硬碟 M.2｜SSD,威剛 Ultimate SU650 240G/2.5吋/讀:520M/寫:450M/TLC顆粒【三年保】,599,2024-03-12,威剛 Ultimate SU,,SSD,520.0,450.0,Ultimate SU650,Ultimate SU650,,,威剛 Ultimate SU650 240G
固態硬碟 M.2｜SSD,威剛 Ultimate SU650 480G/2.5吋/讀:520M/寫:450M/TLC顆粒【三年保】,999,2024-03-12,威剛 Ultimate SU,,SSD,520.0,450.0,Ultimate SU650,Ultimate SU650,,,威剛 Ultimate SU650 480G
固態硬碟 M.2｜SSD,WD Blue SA510 250GB(藍標)/2.5吋/讀:550M/寫:525M/3D TLC顆粒【五年保】,1100,2024-03-12,WD Blue SA,250GB,SSD,550.0,525.0,Blue SA510,Blue SA510,250.0,GB,WD Blue SA510 250GB
固態硬碟 M.2｜SSD,WD Blue SA510 500GB(藍標)/2.5吋/讀:560M/寫:530M/3D TLC顆粒【五年保】,1500,2024-03-12,WD Blue SA,500GB,SSD,560.0,530.0,Blue SA510,Blue SA510,500.0,GB,WD Blue SA510 500GB
固態硬碟 M.2｜SSD,WD Blue SA510 1TB(藍標)/2.5吋/讀:560M/寫:530M/3D TLC顆粒【五年保】,2200,2024-03-12,WD Blue SA,1TB,SSD,560.0,530.0,Blue SA510,Blue SA510,1000.0,GB,WD Blue SA510 1TB
固態硬碟 M.2｜SSD,金士頓 A400 240G/2.5吋/讀:500M/寫:350M/TLC顆粒【三年保】,699,2024-03-12,金士頓 A,,SSD,500.0,350.0,A400,A400,,,金士頓 A400 240G
固態硬碟 M.2｜SSD,金士頓 A400 480G/2.5吋/讀:500M/寫:450M/TLC顆粒【三年保】,940,2024-03-12,金士頓 A,,SSD,500.0,450.0,A400,A400,,,金士頓 A400 480G
固態硬碟 M.2｜SSD,金士頓 A400 960G/2.5吋/讀:500M/寫:450M/TLC顆粒【三年保】,1750,2024-03-12,金士頓 A,,SSD,500.0,450.0,A400,A400,,,金士頓 A400 960G
固態硬碟 M.2｜SSD,金士頓 SKC600 256G/2.5吋/讀:550M/寫:500M/SMI/3D TLC【五年】,799,2024-03-12,金士頓 SKC,,SSD,550.0,500.0,SKC600,SKC600,,,金士頓 SKC600 256G
固態硬碟 M.2｜SSD,金士頓 SKC600 512G/2.5吋/讀:550M/寫:520M/SMI/3D TLC【五年】,1570,2024-03-12,金士頓 SKC,,SSD,550.0,520.0,SKC600,SKC600,,,金士頓 SKC600 512G
固態硬碟 M.2｜SSD,金士頓 SKC600 1024G/2.5吋/讀:550M/寫:520M/SMI/3D TLC【五年】,2720,2024-03-12,金士頓 SKC,,SSD,550.0,520.0,SKC600,SKC600,,,金士頓 SKC600 1024G
固態硬碟 M.2｜SSD,金士頓 SKC600 2048G/2.5吋/讀:550M/寫:520M/SMI/3D TLC【五年】,5100,2024-03-12,金士頓 SKC,,SSD,550.0,520.0,SKC600,SKC600,,,金士頓 SKC600 2048G
固態硬碟 M.2｜SSD,十銓 T-Force Vulcan Z 火神Z 240G/2.5吋 讀520MB:寫450MB/3D NAND/TLC,699,2024-03-12,十銓 T-Force Vulcan Z 火神Z,,SSD,,,Unknown,Unknown,,,十銓 T-Force Vulcan Z
固態硬碟 M.2｜SSD,十銓 T-Force Vulcan Z 火神Z 480G/2.5吋 讀540MB:寫470MB/3D NAND/TLC,999,2024-03-12,十銓 T-Force Vulcan Z 火神Z,,SSD,,,Unknown,Unknown,,,十銓 T-Force Vulcan Z
固態硬碟 M.2｜SSD,十銓 T-Force Vulcan Z 火神Z 1TB/2.5吋 讀550MB:寫500MB/3D NAND/TLC,1799,2024-03-12,十銓 T-Force Vulcan Z 火神Z,1TB,SSD,,,Unknown,Unknown,1000.0,GB,十銓 T-Force Vulcan Z 1TB
固態硬碟 M.2｜SSD,十銓 T-Force Vulcan Z QLC 火神Z 2TB/2.5吋 讀550MB:寫500MB/3D NAND/QLC,3799,2024-03-12,十銓 T-Force Vulcan Z QLC 火神Z,2TB,SSD,,,Unknown,Unknown,2000.0,GB,十銓 T-Force Vulcan Z QLC 2TB
固態硬碟 M.2｜SSD,十銓 T-Force Vulcan Z QLC 火神Z 4TB/2.5吋 讀550MB:寫500MB/3D NAND/QLC,5799,2024-03-12,十銓 T-Force Vulcan Z QLC 火神Z,4TB,SSD,,,Unknown,Unknown,4000.0,GB,十銓 T-Force Vulcan Z QLC 4TB
固態硬碟 M.2｜SSD,美光Micron Crucial BX500 240G/2.5吋/讀:540M/寫:500M/TLC顆粒【三年保】,630,2024-03-12,美光Micron Crucial BX,,SSD,540.0,500.0,Crucial BX500,Crucial BX500,,,美光 Crucial BX500 240G
固態硬碟 M.2｜SSD,美光Micron Crucial BX500 500G/2.5吋/讀:540M/寫:500M/TLC顆粒【三年保】,949,2024-03-12,美光Micron Crucial BX,,SSD,540.0,500.0,Crucial BX500,Crucial BX500,,,美光 Crucial BX500 500G
固態硬碟 M.2｜SSD,美光Micron Crucial BX500 1TB/2.5吋/讀:540M/寫:500M/TLC顆粒【三年保】,1900,2024-03-12,美光Micron Crucial BX,1TB,SSD,540.0,500.0,Crucial BX500,Crucial BX500,1000.0,GB,美光 Crucial BX500 1TB
固態硬碟 M.2｜SSD,美光Micron Crucial BX500 2TB/2.5吋/讀:540M/寫:500M/TLC顆粒【三年保】,4050,2024-03-12,美光Micron Crucial BX,2TB,SSD,540.0,500.0,Crucial BX500,Crucial BX500,2000.0,GB,美光 Crucial BX500 2TB
固態硬碟 M.2｜SSD,美光Micron Crucial MX500 250G/2.5吋/讀:560M/寫:510M/TLC/SMI台控制器【五年】,1000,2024-03-12,美光Micron Crucial MX,,SSD,560.0,510.0,Crucial MX500,Crucial MX500,,,美光 Crucial MX500 250G
固態硬碟 M.2｜SSD,美光Micron Crucial MX500 500G/2.5吋/讀:560M/寫:510M/TLC/SMI台控制器【五年】,1450,2024-03-12,美光Micron Crucial MX,,SSD,560.0,510.0,Crucial MX500,Crucial MX500,,,美光 Crucial MX500 500G
固態硬碟 M.2｜SSD,美光Micron Crucial MX500 1TB/2.5吋/讀:560M/寫:510M/TLC/SMI台控制器【五年】,2150,2024-03-12,美光Micron Crucial MX,1TB,SSD,560.0,510.0,Crucial MX500,Crucial MX500,1000.0,GB,美光 Crucial MX500 1TB
固態硬碟 M.2｜SSD,美光Micron Crucial MX500 2TB/2.5吋/讀:560M/寫:510M/TLC/SMI台控制器【五年】,3788,2024-03-12,美光Micron Crucial MX,2TB,SSD,560.0,510.0,Crucial MX500,Crucial MX500,2000.0,GB,美光 Crucial MX500 2TB
固態硬碟 M.2｜SSD,美光Micron Crucial MX500 4TB/2.5吋/讀:560M/寫:510M/TLC/SMI台控制器【五年】,7999,2024-03-12,美光Micron Crucial MX,4TB,SSD,560.0,510.0,Crucial MX500,Crucial MX500,4000.0,GB,美光 Crucial MX500 4TB
固態硬碟 M.2｜SSD,三星 Samsung 870 EVO 500G/2.5吋/讀:560/寫:530/TLC/五年保*星睿奇,1529,2024-03-12,三星 Samsung,,SSD,560.0,530.0,Samsung 870,Samsung 870,,,三星 Samsung 870 EVO 500G
固態硬碟 M.2｜SSD,三星 Samsung 870 EVO 1TB/2.5吋/讀:560/寫:530/TLC/五年保*星睿奇,3399,2024-03-12,三星 Samsung,1TB,SSD,560.0,530.0,Samsung 870,Samsung 870,1000.0,GB,三星 Samsung 870 EVO 1TB
固態硬碟 M.2｜SSD,三星 Samsung 870 EVO 2TB/2.5吋/讀:560/寫:530/TLC/五年保*星睿奇,5899,2024-03-12,三星 Samsung,2TB,SSD,560.0,530.0,Samsung 870,Samsung 870,2000.0,GB,三星 Samsung 870 EVO 2TB
固態硬碟 M.2｜SSD,三星 Samsung 870 EVO 4TB/2.5吋/讀:560/寫:530/TLC/五年保*星睿奇,10999,2024-03-12,三星 Samsung,4TB,SSD,560.0,530.0,Samsung 870,Samsung 870,4000.0,GB,三星 Samsung 870 EVO 4TB
固態硬碟 M.2｜SSD,三星 Samsung 870 QVO 1TB/2.5吋/讀:560/寫:530/QLC/三年保*星睿奇,3299,2024-03-12,三星 Samsung,1TB,SSD,560.0,530.0,Samsung 870,Samsung 870,1000.0,GB,三星 Samsung 870 QVO 1TB
固態硬碟 M.2｜SSD,三星 Samsung 870 QVO 2TB/2.5吋/讀:560/寫:530/QLC/三年保*星睿奇,4999,2024-03-12,三星 Samsung,2TB,SSD,560.0,530.0,Samsung 870,Samsung 870,2000.0,GB,三星 Samsung 870 QVO 2TB
固態硬碟 M.2｜SSD,三星 Samsung 870 QVO 4TB/2.5吋/讀:560/寫:530/QLC/三年保*星睿奇,8888,2024-03-12,三星 Samsung,4TB,SSD,560.0,530.0,Samsung 870,Samsung 870,4000.0,GB,三星 Samsung 870 QVO 4TB
固態硬碟 M.2｜SSD,三星 Samsung 870 QVO 8TB/2.5吋/讀:560/寫:530/QLC/三年保*星睿奇,17999,2024-03-12,三星 Samsung,8TB,SSD,560.0,530.0,Samsung 870,Samsung 870,8000.0,GB,三星 Samsung 870 QVO 8TB
固態硬碟 M.2｜SSD,十銓 T-ForceZ540黑武士(石墨烯)1TB/Gen5 PCIe 5.0/讀:11700M/寫:9500M(五年保),5650,2024-03-12,十銓 T-ForceZ,1TB,SSD,11700.0,9500.0,Gen5,Gen5,1000.0,GB,十銓 T-ForceZ540黑武士
固態硬碟 M.2｜SSD,十銓 T-ForceZ540黑武士(石墨烯)2TB/Gen5 PCIe 5.0/讀:12400M/寫:11800M(五年保),10500,2024-03-12,十銓 T-ForceZ,2TB,SSD,12400.0,11800.0,Gen5,Gen5,2000.0,GB,十銓 T-ForceZ540黑武士
固態硬碟 M.2｜SSD,Seagate FireCuda 540 1TB/Gen5 PCIe 5.0(火梭魚)讀:9500/寫:8500/TLC【五年保】,6450,2024-03-12,Seagate FireCuda,1TB,SSD,9500.0,8500.0,Seagate FireCuda 540,Seagate FireCuda 540,1000.0,GB,Seagate FireCuda 540
固態硬碟 M.2｜SSD,Seagate FireCuda 540 2TB/Gen5 PCIe 5.0/(火梭魚)讀:10000/寫:10000/TLC【五年保】,9888,2024-03-12,Seagate FireCuda,2TB,SSD,10000.0,10000.0,Seagate FireCuda 540,Seagate FireCuda 540,2000.0,GB,Seagate FireCuda 540
固態硬碟 M.2｜SSD,美光 Micron Crucial T700 1TB Gen5 PCIe 5.0 讀:11700/寫:9500/TLC【五年保】,5588,2024-03-12,美光 Micron Crucial T,1TB,SSD,11700.0,9500.0,Crucial T700,Crucial T700,1000.0,GB,美光 Micron Crucial T700 1TB Gen5 PCIe 5.0
固態硬碟 M.2｜SSD,美光 Micron Crucial T700 2TB Gen5 PCIe 5.0 讀:12400/寫:11800/TLC【五年保】,9350,2024-03-12,美光 Micron Crucial T,2TB,SSD,12400.0,11800.0,Crucial T700,Crucial T700,2000.0,GB,美光 Micron Crucial T700 2TB Gen5 PCIe 5.0
固態硬碟 M.2｜SSD,美光 Micron Crucial T700 4TB Gen5 PCIe 5.0 讀:12400/寫:11800/TLC【五年保】,19200,2024-03-12,美光 Micron Crucial T,4TB,SSD,12400.0,11800.0,Crucial T700,Crucial T700,4000.0,GB,美光 Micron Crucial T700 4TB Gen5 PCIe 5.0
固態硬碟 M.2｜SSD,美光 Micron Crucial T700 1TB含散熱片 Gen5 PCIe 5.0 讀:11700/寫:9500/TLC【五年保】,6100,2024-03-12,美光 Micron Crucial T,1TB,SSD,11700.0,9500.0,Crucial T700,Crucial T700,1000.0,GB,美光 Micron Crucial T700 1TB含散熱片
固態硬碟 M.2｜SSD,美光 Micron Crucial T700 2TB含散熱片 Gen5 PCIe 5.0 讀:12400/寫:11800/TLC【五年保】,11000,2024-03-12,美光 Micron Crucial T,2TB,SSD,12400.0,11800.0,Crucial T700,Crucial T700,2000.0,GB,美光 Micron Crucial T700 2TB含散熱片 Gen5 PCIe 5.0
固態硬碟 M.2｜SSD,美光 Micron Crucial T700 4TB含散熱片 Gen5 PCIe 5.0 讀:12400/寫:11800/TLC【五年保】,21388,2024-03-12,美光 Micron Crucial T,4TB,SSD,12400.0,11800.0,Crucial T700,Crucial T700,4000.0,GB,美光 Micron Crucial T700 4TB含散熱片 Gen5 PCIe 5.0
固態硬碟 M.2｜SSD,技嘉 AORUS Gen5 12000 SSD 1TB 頂級效能PCIe 5.0 讀:11700/寫:9500/TLC【五年保】,5990,2024-03-12,技嘉 AORUS Gen,1TB,SSD,11700.0,9500.0,AORUS Gen5,AORUS Gen5,1000.0,GB,技嘉 AORUS Gen5 12000 SSD 1TB
固態硬碟 M.2｜SSD,微星 SPATIUM M570 PRO FROZR 2TB Gen5 PCIe 5.0 讀:12400/寫:11800/TLC【五年保】,9490,2024-03-12,微星 SPATIUM M,2TB,SSD,12400.0,11800.0,SPATIUM M570,SPATIUM M570,2000.0,GB,微星 SPATIUM M570 PRO FROZR 2TB Gen5 PCIe 5.0
固態硬碟 M.2｜SSD,三星 Samsung 990 EVO 1TB/PCIe 4.0 x4/5.0 x2/讀:5000/寫:4200/五年保*星睿奇,3739,2024-03-12,三星 Samsung,1TB,SSD,5000.0,4200.0,Samsung 990,Samsung 990,1000.0,GB,三星 Samsung 990 EVO 1TB
固態硬碟 M.2｜SSD,三星 Samsung 990 EVO 2TB/PCIe 4.0 x4/5.0 x2/讀:5000/寫:4200/五年保*星睿奇,6289,2024-03-12,三星 Samsung,2TB,SSD,5000.0,4200.0,Samsung 990,Samsung 990,2000.0,GB,三星 Samsung 990 EVO 2TB
固態硬碟 M.2｜SSD,UMAX M1300 1TB/Gen4 PCIe 4.0/讀:5000M/寫:4400M【五年】DRAM快取/銅箔散熱片,2100,2024-03-12,UMAX M,1TB,SSD,5000.0,4400.0,UMAX M1300,UMAX M1300,1000.0,GB,UMAX M1300
固態硬碟 M.2｜SSD,UMAX M1500 1TB/Gen4 PCIe 4.0/讀:7000M/寫:5500M【五年】DRAM快取/銅箔散熱片,2199,2024-03-12,UMAX M,1TB,SSD,7000.0,5500.0,UMAX M1500,UMAX M1500,1000.0,GB,UMAX M1500
固態硬碟 M.2｜SSD,UMAX M1500 2TB/Gen4 PCIe 4.0/讀:7000M/寫:6850M【五年】DRAM快取/銅箔散熱片,3750,2024-03-12,UMAX M,2TB,SSD,7000.0,6850.0,UMAX M1500,UMAX M1500,2000.0,GB,UMAX M1500
固態硬碟 M.2｜SSD,UMAX M1500 4TB/Gen4 PCIe 4.0/讀:7200M/寫:6850M【五年】DRAM快取/銅箔散熱片,8500,2024-03-12,UMAX M,4TB,SSD,7200.0,6850.0,UMAX M1500,UMAX M1500,4000.0,GB,UMAX M1500
固態硬碟 M.2｜SSD,SK 海力士 Platinum P41 500G/Gen4 PCIE 4.0/讀:7000/寫:4700/DRAM快取(五年),1699,2024-03-12,SK 海力士 Platinum P,,SSD,7000.0,4700.0,Platinum P41,Platinum P41,,,SK 海力士 Platinum P41 500G
固態硬碟 M.2｜SSD,SK 海力士 Platinum P41 1TB/Gen4 PCIE 4.0/讀:7000/寫:6500/DRAM快取(五年),2750,2024-03-12,SK 海力士 Platinum P,1TB,SSD,7000.0,6500.0,Platinum P41,Platinum P41,1000.0,GB,SK 海力士 Platinum P41 1TB
固態硬碟 M.2｜SSD,SK 海力士 Platinum P41 2TB/Gen4 PCIE 4.0/讀:7000/寫:6500/DRAM快取(五年),4999,2024-03-12,SK 海力士 Platinum P,2TB,SSD,7000.0,6500.0,Platinum P41,Platinum P41,2000.0,GB,SK 海力士 Platinum P41
固態硬碟 M.2｜SSD,KLEVV CRAS C910 500G/Gen4 PCIe 4.0/讀:5000/寫:3700/TLC【五年】輕薄鋁散熱片,1399,2024-03-12,KLEVV CRAS C,,SSD,5000.0,3700.0,CRAS C910,CRAS C910,,,KLEVV CRAS C910
固態硬碟 M.2｜SSD,KLEVV CRAS C910 1TB/Gen4 PCIe 4.0/讀:5000/寫:4800/TLC【五年】輕薄鋁散熱片,1999,2024-03-12,KLEVV CRAS C,1TB,SSD,5000.0,4800.0,CRAS C910,CRAS C910,1000.0,GB,KLEVV CRAS C910
固態硬碟 M.2｜SSD,KLEVV CRAS C930 1TB/Gen4 PCIe 4.0/讀:7400M/寫:6400M DRAM快取/鰭狀鋁散熱片,2499,2024-03-12,KLEVV CRAS C,1TB,SSD,7400.0,6400.0,CRAS C930,CRAS C930,1000.0,GB,KLEVV CRAS C930
固態硬碟 M.2｜SSD,威剛 ADATA LEGEND 850 512GB/Gen4 PCIe 4.0/讀:5000M/寫:2700M/五年保/贈散熱片 少量,1090,2024-03-12,威剛 ADATA LEGEND,512GB,SSD,5000.0,2700.0,ADATA LEGEND 850,ADATA LEGEND 850,512.0,GB,ADATA LEGEND 850 512GB
固態硬碟 M.2｜SSD,威剛 XPG S70BLADE 512G/Gen4/讀:7200M/寫:2600M/ DRAM快取/五年/贈散熱片,1599,2024-03-12,威剛 XPG S,,SSD,7200.0,2600.0,XPG S70BLADE,XPG S70BLADE,,,威剛 XPG S70BLADE 512G
固態硬碟 M.2｜SSD,威剛 XPG S70BLADE 1T/Gen4/讀:7400M/寫:5500M/ DRAM快取/五年/贈散熱片,2599,2024-03-12,威剛 XPG S,,SSD,7400.0,5500.0,XPG S70BLADE,XPG S70BLADE,,,威剛 XPG S70BLADE 1T
固態硬碟 M.2｜SSD,威剛 XPG S70BLADE 2T/Gen4/讀:7400M/寫:6400M/ DRAM快取/五年/贈散熱片,4479,2024-03-12,威剛 XPG S,,SSD,7400.0,6400.0,XPG S70BLADE,XPG S70BLADE,,,威剛 XPG S70BLADE 2T
固態硬碟 M.2｜SSD,威剛 XPG S70PRO 1TB黑/Gen4/讀:7400/寫:6000/SMI主控/DRAM快取/五年/贈散熱片,2699,2024-03-12,威剛 XPG S,1TB,SSD,7400.0,6000.0,XPG S70PRO,XPG S70PRO,1000.0,GB,威剛 XPG S70PRO 1TB
固態硬碟 M.2｜SSD,威剛 XPG S70PRO 2TB黑/Gen4/讀:7400/寫:6800/SMI主控/DRAM快取/五年/贈散熱片,4599,2024-03-12,威剛 XPG S,2TB,SSD,7400.0,6800.0,XPG S70PRO,XPG S70PRO,2000.0,GB,威剛 XPG S70PRO 2TB
固態硬碟 M.2｜SSD,威剛 XPG S70PRO 4TB黑/Gen4/讀:7400/寫:6800/SMI主控/DRAM快取/五年/贈散熱片,8999,2024-03-12,威剛 XPG S,4TB,SSD,7400.0,6800.0,XPG S70PRO,XPG S70PRO,4000.0,GB,威剛 XPG S70PRO 4TB黑
固態硬碟 M.2｜SSD,威剛 XPG S70PRO 1TB白/Gen4/讀:7400/寫:6000/SMI主控/DRAM快取/五年/贈散熱片,2699,2024-03-12,威剛 XPG S,1TB,SSD,7400.0,6000.0,XPG S70PRO,XPG S70PRO,1000.0,GB,威剛 XPG S70PRO 1TB
固態硬碟 M.2｜SSD,威剛 XPG S70PRO 2TB白/Gen4/讀:7400/寫:6800/SMI主控/DRAM快取/五年/贈散熱片,4599,2024-03-12,威剛 XPG S,2TB,SSD,7400.0,6800.0,XPG S70PRO,XPG S70PRO,2000.0,GB,威剛 XPG S70PRO 2TB
固態硬碟 M.2｜SSD,威剛 XPG S70PRO 4TB白/Gen4/讀:7400/寫:6800/SMI主控/DRAM快取/五年/贈散熱片,8999,2024-03-12,威剛 XPG S,4TB,SSD,7400.0,6800.0,XPG S70PRO,XPG S70PRO,4000.0,GB,威剛 XPG S70PRO 4TB
固態硬碟 M.2｜SSD,Solidigm(原INTEL) P41 Plus 1TB/Gen4 PCIe 4.0/讀:4125M/寫:2950M/五年,1990,2024-03-12,Solidigm(原INTEL) P,1TB,SSD,4125.0,2950.0,P41,P41,1000.0,GB,Solidigm P41 Plus
固態硬碟 M.2｜SSD,Solidigm(原INTEL) P41 Plus 2TB/Gen4 PCIe 4.0/讀:4125M/寫:3325M/五年,3150,2024-03-12,Solidigm(原INTEL) P,2TB,SSD,4125.0,3325.0,P41,P41,2000.0,GB,Solidigm P41 Plus
固態硬碟 M.2｜SSD,Solidigm(原INTEL) P44 Pro 512G/Gen4 PCIe 4.0/讀:7000M/寫:4700M/DRAM快取/五年,1650,2024-03-12,Solidigm(原INTEL) P,,SSD,7000.0,4700.0,P44,P44,,,Solidigm P44 Pro
固態硬碟 M.2｜SSD,Solidigm(原INTEL) P44 Pro 1TB/Gen4 PCIe 4.0/讀:7000M/寫:6500M/DRAM快取/五年,2850,2024-03-12,Solidigm(原INTEL) P,1TB,SSD,7000.0,6500.0,P44,P44,1000.0,GB,Solidigm P44 Pro
固態硬碟 M.2｜SSD,Solidigm(原INTEL) P44 Pro 2TB/Gen4 PCIe 4.0/讀:7000M/寫:6500M/DRAM快取/五年,5100,2024-03-12,Solidigm(原INTEL) P,2TB,SSD,7000.0,6500.0,P44,P44,2000.0,GB,Solidigm P44 Pro
固態硬碟 M.2｜SSD,十銓 TEAM MP44 1TB/Gen4/讀:7400M/寫:6500M/TLC顆粒/具石墨烯散熱標籤(五年),2399,2024-03-12,十銓 TEAM MP,1TB,SSD,7400.0,6500.0,TEAM MP44,TEAM MP44,1000.0,GB,十銓 TEAM MP44 1TB
固態硬碟 M.2｜SSD,十銓 TEAM MP44 2TB/Gen4/讀:7400M/寫:7000M/TLC顆粒/具石墨烯散熱標籤(五年),3899,2024-03-12,十銓 TEAM MP,2TB,SSD,7400.0,7000.0,TEAM MP44,TEAM MP44,2000.0,GB,十銓 TEAM MP44 2TB
固態硬碟 M.2｜SSD,十銓 TEAM MP44 4TB/Gen4/讀:7400M/寫:6900M/TLC顆粒/具石墨烯散熱標籤(五年),8299,2024-03-12,十銓 TEAM MP,4TB,SSD,7400.0,6900.0,TEAM MP44,TEAM MP44,4000.0,GB,十銓 TEAM MP44 4TB
固態硬碟 M.2｜SSD,十銓 TEAM MP44 8TB/Gen4/讀:7200M/寫:6000M/TLC顆粒/具石墨烯散熱標籤by order~,26888,2024-03-12,十銓 TEAM MP,8TB,SSD,7200.0,6000.0,TEAM MP44,TEAM MP44,8000.0,GB,十銓 TEAM MP44 8TB
固態硬碟 M.2｜SSD,十銓 T-ForceZ44L黑武士(石墨烯)250G/Gen4 PCIe 4.0/讀:3300M/寫:1400M(五年),999,2024-03-12,十銓 T-ForceZ,,SSD,3300.0,1400.0,Gen4,Gen4,,,十銓 T-ForceZ44L黑武士
固態硬碟 M.2｜SSD,十銓 T-ForceZ44L黑武士(石墨烯)500G/Gen4 PCIe 4.0/讀:3300M/寫:2400M(五年),1199,2024-03-12,十銓 T-ForceZ,,SSD,3300.0,2400.0,Gen4,Gen4,,,十銓 T-ForceZ44L黑武士
固態硬碟 M.2｜SSD,十銓 T-ForceZ44L黑武士(石墨烯)1TB/Gen4 PCIe 4.0/讀:3500M/寫:3000M(五年),1799,2024-03-12,十銓 T-ForceZ,1TB,SSD,3500.0,3000.0,Gen4,Gen4,1000.0,GB,十銓 T-ForceZ44L黑武士
固態硬碟 M.2｜SSD,十銓 T-ForceZ44A5極限零(石墨烯)1TB/Gen4 PCIe 4.0/讀:5000M/寫:4400M(五年),2099,2024-03-12,十銓 T-ForceZ,1TB,SSD,5000.0,4400.0,Gen4,Gen4,1000.0,GB,十銓 T-ForceZ44A5極限零
固態硬碟 M.2｜SSD,十銓 T-ForceZ44A5極限零(石墨烯)2TB/Gen4 PCIe 4.0/讀:5000M/寫:4400M(五年),3699,2024-03-12,十銓 T-ForceZ,2TB,SSD,5000.0,4400.0,Gen4,Gen4,2000.0,GB,十銓 T-ForceZ44A5極限零
固態硬碟 M.2｜SSD,十銓 T-ForceA440黑曜女神(雙散熱)1TB/Gen4/讀:7000M/寫:5500M/DRAM快取(五年),2599,2024-03-12,十銓 T-ForceA,1TB,SSD,7000.0,5500.0,Gen4,Gen4,1000.0,GB,十銓 T-ForceA440黑曜女神
固態硬碟 M.2｜SSD,十銓 T-ForceA440黑曜女神(雙散熱)2TB/Gen4/讀:7000M/寫:6900M/DRAM快取(五年),4099,2024-03-12,十銓 T-ForceA,2TB,SSD,7000.0,6900.0,Gen4,Gen4,2000.0,GB,十銓 T-ForceA440黑曜女神
固態硬碟 M.2｜SSD,Seagate FireCuda 530 4TB/Gen4 PCIe 4.0/(火梭魚)讀:7300M/寫:6900M/TLC【五年保】,12990,2024-03-12,Seagate FireCuda,4TB,SSD,7300.0,6900.0,Seagate FireCuda 530,Seagate FireCuda 530,4000.0,GB,Seagate FireCuda 530 4TB
固態硬碟 M.2｜SSD,Seagate FireCuda 530 2TB光劍限定版/散熱片/Gen4 PCIe 4.0/(火梭魚)讀:7300M/寫:6900M,7199,2024-03-12,Seagate FireCuda,2TB,SSD,7300.0,6900.0,Seagate FireCuda 530,Seagate FireCuda 530,2000.0,GB,Seagate FireCuda 530 2TB
固態硬碟 M.2｜SSD,MSI 微星 M450 500G/Gen4/讀:3600M/寫:3000M/3D TLC顆粒/五年,1290,2024-03-12,MSI 微星 M,,SSD,3600.0,3000.0,M450,M450,,,MSI 微星 M450
固態硬碟 M.2｜SSD,MSI 微星 M450 1TB/Gen4/讀:3600M/寫:3000M/3D TLC顆粒/五年,2290,2024-03-12,MSI 微星 M,1TB,SSD,3600.0,3000.0,M450,M450,1000.0,GB,MSI 微星 M450
固態硬碟 M.2｜SSD,WD 藍標 SN580 500GB/Gen4 PCIe 4.0/讀:4000/寫:3600/TLC【五年】,1550,2024-03-12,WD 藍標 SN,500GB,SSD,4000.0,3600.0,SN580,SN580,500.0,GB,WD 藍標 SN580 500GB
固態硬碟 M.2｜SSD,WD 藍標 SN580 1TB/Gen4 PCIe 4.0/讀:4150/寫:4150/TLC【五年】,2550,2024-03-12,WD 藍標 SN,1TB,SSD,4150.0,4150.0,SN580,SN580,1000.0,GB,WD 藍標 SN580 1TB
固態硬碟 M.2｜SSD,WD 藍標 SN580 2TB/Gen4 PCIe 4.0/讀:4150/寫:4150/TLC【五年】,4550,2024-03-12,WD 藍標 SN,2TB,SSD,4150.0,4150.0,SN580,SN580,2000.0,GB,WD 藍標 SN580 2TB
固態硬碟 M.2｜SSD,WD 黑標 SN770 500GB/Gen4 PCIe 4.0/讀:5000/寫:4000/TLC【五年】,1550,2024-03-12,WD 黑標 SN,500GB,SSD,5000.0,4000.0,SN770,SN770,500.0,GB,WD 黑標 SN770 500GB
固態硬碟 M.2｜SSD,WD 黑標 SN770 1TB/Gen4 PCIe 4.0/讀:5150/寫:4900/TLC【五年保】,2650,2024-03-12,WD 黑標 SN,1TB,SSD,5150.0,4900.0,SN770,SN770,1000.0,GB,WD 黑標 SN770 1TB
固態硬碟 M.2｜SSD,WD 黑標 SN770 2TB/Gen4 PCIe 4.0/讀:5150/寫:4850/TLC【五年保】,4700,2024-03-12,WD 黑標 SN,2TB,SSD,5150.0,4850.0,SN770,SN770,2000.0,GB,WD 黑標 SN770 2TB
固態硬碟 M.2｜SSD,WD 黑標 SN850X 1TB/Gen4 PCIe 4.0/讀:7300/寫:6300/TLC/電競級【五年】,2900,2024-03-12,WD 黑標 SN,1TB,SSD,7300.0,6300.0,SN850X,SN850X,1000.0,GB,WD 黑標 SN850X 1TB
固態硬碟 M.2｜SSD,WD 黑標 SN850X 2TB/Gen4 PCIe 4.0/讀:7300/寫:6600/TLC/電競級【五年】,5150,2024-03-12,WD 黑標 SN,2TB,SSD,7300.0,6600.0,SN850X,SN850X,2000.0,GB,WD 黑標 SN850X 2TB
固態硬碟 M.2｜SSD,WD 黑標 SN850X 1TB/含散熱片/Gen4 PCIe 4.0/讀:7300/寫:6300/TLC/電競級,3450,2024-03-12,WD 黑標 SN,1TB,SSD,7300.0,6300.0,SN850X,SN850X,1000.0,GB,WD 黑標 SN850X 1TB
固態硬碟 M.2｜SSD,WD 黑標 SN850X 2TB/含散熱片/Gen4 PCIe 4.0/讀:7300/寫:6600/TLC/電競級【五年保】,5650,2024-03-12,WD 黑標 SN,2TB,SSD,7300.0,6600.0,SN850X,SN850X,2000.0,GB,WD 黑標 SN850X 2TB
固態硬碟 M.2｜SSD,金士頓 NV2 250G/Gen4 PCIe 4.0/讀:3000/寫:1300三年保固,880,2024-03-12,金士頓 NV,,SSD,3000.0,1300.0,NV2,NV2,,,金士頓 NV2 250G
固態硬碟 M.2｜SSD,金士頓 NV2 500G/Gen4 PCIe 4.0/讀:3500/寫:2100三年保固,1180,2024-03-12,金士頓 NV,,SSD,3500.0,2100.0,NV2,NV2,,,金士頓 NV2 500G
固態硬碟 M.2｜SSD,金士頓 NV2 1TB/Gen4 PCIe 4.0/讀:3500/寫:2100三年保固,1750,2024-03-12,金士頓 NV,1TB,SSD,3500.0,2100.0,NV2,NV2,1000.0,GB,金士頓 NV2 1TB
固態硬碟 M.2｜SSD,金士頓 NV2 2TB/Gen4 PCIe 4.0/讀:3500/寫:2800三年保固~加送斜背胸包~,3450,2024-03-12,金士頓 NV,2TB,SSD,3500.0,2800.0,NV2,NV2,2000.0,GB,金士頓 NV2 2TB
固態硬碟 M.2｜SSD,金士頓 NV2 4TB/Gen4 PCIe 4.0/讀:3500/寫:2800三年保固~加送斜背胸包~,6990,2024-03-12,金士頓 NV,4TB,SSD,3500.0,2800.0,NV2,NV2,4000.0,GB,金士頓 NV2 4TB
固態硬碟 M.2｜SSD,金士頓 KC3000 512G/Gen4 PCIe 4.0/讀:7000/寫:3900/TLC,1850,2024-03-12,金士頓 KC,,SSD,7000.0,3900.0,KC3000,KC3000,,,金士頓 KC3000 512G
固態硬碟 M.2｜SSD,金士頓 KC3000 1TB/Gen4 PCIe 4.0/讀:7000/寫:6000/TLC,2700,2024-03-12,金士頓 KC,1TB,SSD,7000.0,6000.0,KC3000,KC3000,1000.0,GB,金士頓 KC3000 1TB
固態硬碟 M.2｜SSD,金士頓 KC3000 2TB/Gen4 PCIe 4.0/讀:7000/寫:7000/TLC~加送斜背胸包~,4700,2024-03-12,金士頓 KC,2TB,SSD,7000.0,7000.0,KC3000,KC3000,2000.0,GB,金士頓 KC3000
固態硬碟 M.2｜SSD,金士頓 KC3000 4TB/Gen4 PCIe 4.0/讀:7000/寫:7000/TLC~加送斜背胸包~,11000,2024-03-12,金士頓 KC,4TB,SSD,7000.0,7000.0,KC3000,KC3000,4000.0,GB,金士頓 KC3000
固態硬碟 M.2｜SSD,金士頓 FURY Renegade 500G/Gen4 PCIe 4.0/讀:7300/寫:3900/TLC,2050,2024-03-12,金士頓 FURY Renegade,,SSD,7300.0,3900.0,FURY Renegade 500G,FURY Renegade 500G,,,金士頓 FURY Renegade 500G
固態硬碟 M.2｜SSD,金士頓 FURY Renegade 1TB/Gen4 PCIe 4.0/讀:7300/寫:6000/TLC,3200,2024-03-12,金士頓 FURY Renegade,1TB,SSD,7300.0,6000.0,FURY Renegade 1TB,FURY Renegade 1TB,1000.0,GB,金士頓 FURY Renegade
固態硬碟 M.2｜SSD,金士頓 FURY Renegade 2TB/Gen4 PCIe 4.0/讀:7300/寫:7000/TLC~加送斜背胸包~,4900,2024-03-12,金士頓 FURY Renegade,2TB,SSD,7300.0,7000.0,FURY Renegade 2TB,FURY Renegade 2TB,2000.0,GB,金士頓 FURY Renegade
固態硬碟 M.2｜SSD,金士頓 FURY Renegade 4TB/Gen4 PCIe 4.0/讀:7300/寫:7000/TLC~加送斜背胸包~,12300,2024-03-12,金士頓 FURY Renegade,4TB,SSD,7300.0,7000.0,FURY Renegade 4TB,FURY Renegade 4TB,4000.0,GB,金士頓 FURY Renegade
固態硬碟 M.2｜SSD,美光Micron Crucial P3 Plus 500G/Gen4 PCIe 4.0/讀:4700M/寫:1900M/QLC顆粒/五年,1150,2024-03-12,美光Micron Crucial P,,SSD,4700.0,1900.0,Crucial P3,Crucial P3,,,美光 Micron Crucial P3 Plus 500G
固態硬碟 M.2｜SSD,美光Micron Crucial P3 Plus 1TB/Gen4 PCIe 4.0//讀:5000M/寫:3600M/QLC顆粒/五年,1778,2024-03-12,美光Micron Crucial P,1TB,SSD,5000.0,3600.0,Crucial P3,Crucial P3,1000.0,GB,美光Micron Crucial P3 Plus 1TB
固態硬碟 M.2｜SSD,美光Micron Crucial P3 Plus 2TB/Gen4 PCIe 4.0/讀:5000M/寫:4200M/QLC顆粒/五年,3500,2024-03-12,美光Micron Crucial P,2TB,SSD,5000.0,4200.0,Crucial P3,Crucial P3,2000.0,GB,美光 Micron Crucial P3 Plus 2TB
固態硬碟 M.2｜SSD,美光Micron Crucial P3 Plus 4TB/Gen4 PCIe 4.0/讀:5000M/寫:4200M/QLC顆粒/五年,7100,2024-03-12,美光Micron Crucial P,4TB,SSD,5000.0,4200.0,Crucial P3,Crucial P3,4000.0,GB,美光 Micron Crucial P3 Plus 4TB
固態硬碟 M.2｜SSD,美光Micron Crucial T500 500G/Gen4 PCIe 4.0/讀:7400M/寫:7000M/3D TLC顆粒/五年,2250,2024-03-12,美光Micron Crucial T,,SSD,7400.0,7000.0,Crucial T500,Crucial T500,,,美光Micron Crucial T500
固態硬碟 M.2｜SSD,美光Micron Crucial T500 1TB/Gen4 PCIe 4.0/讀:7400M/寫:7000M/3D TLC顆粒/五年,3400,2024-03-12,美光Micron Crucial T,1TB,SSD,7400.0,7000.0,Crucial T500,Crucial T500,1000.0,GB,美光 Micron Crucial T500 1TB
固態硬碟 M.2｜SSD,美光Micron Crucial T500 1TB含散熱片/Gen4/讀:7400M/寫:7000M/3D TLC顆粒/五年,3750,2024-03-12,美光Micron Crucial T,1TB,SSD,7400.0,7000.0,Crucial T500,Crucial T500,1000.0,GB,美光 Micron Crucial T500 1TB
固態硬碟 M.2｜SSD,美光Micron Crucial T500 2TB含散熱片/Gen4/讀:7400M/寫:7000M/3D TLC顆粒/五年,5199,2024-03-12,美光Micron Crucial T,2TB,SSD,7400.0,7000.0,Crucial T500,Crucial T500,2000.0,GB,美光 Micron Crucial T500 2TB
固態硬碟 M.2｜SSD,三星 Samsung 980 PRO 500G/Gen4 PCIe 4.0/讀:6900/寫:5000/五年保*星睿奇,2599,2024-03-12,三星 Samsung,,SSD,6900.0,5000.0,Samsung 980,Samsung 980,,,三星 Samsung 980 PRO
固態硬碟 M.2｜SSD,三星 Samsung 980 PRO 1TB/Gen4 PCIe 4.0/讀:7000/寫:5000/五年保*星睿奇,2949,2024-03-12,三星 Samsung,1TB,SSD,7000.0,5000.0,Samsung 980,Samsung 980,1000.0,GB,三星 Samsung 980 PRO
固態硬碟 M.2｜SSD,三星 Samsung 980 PRO 2TB/Gen4 PCIe 4.0/讀:7000/寫:5100/五年保*星睿奇,4899,2024-03-12,三星 Samsung,2TB,SSD,7000.0,5100.0,Samsung 980,Samsung 980,2000.0,GB,三星 Samsung 980 PRO
固態硬碟 M.2｜SSD,三星 Samsung 980 PRO 1TB含散熱片/Gen4 PCIe 4.0/讀:7000/寫:5000/五年保*星睿奇,3449,2024-03-12,三星 Samsung,1TB,SSD,7000.0,5000.0,Samsung 980,Samsung 980,1000.0,GB,三星 Samsung 980 PRO 1TB
固態硬碟 M.2｜SSD,三星 Samsung 980 PRO 2TB含散熱片/Gen4 PCIe 4.0/讀:7000/寫:5100/五年保*星睿奇,6149,2024-03-12,三星 Samsung,2TB,SSD,7000.0,5100.0,Samsung 980,Samsung 980,2000.0,GB,三星 Samsung 980 PRO 2TB
固態硬碟 M.2｜SSD,三星 Samsung 990 PRO 1TB/Gen4 PCIe 4.0/讀:7450/寫:6900/五年保*星睿奇,3549,2024-03-12,三星 Samsung,1TB,SSD,7450.0,6900.0,Samsung 990,Samsung 990,1000.0,GB,三星 Samsung 990 PRO 1TB
固態硬碟 M.2｜SSD,三星 Samsung 990 PRO 2TB/Gen4 PCIe 4.0/讀:7450/寫:6900/五年保*星睿奇,5649,2024-03-12,三星 Samsung,2TB,SSD,7450.0,6900.0,Samsung 990,Samsung 990,2000.0,GB,三星 Samsung 990 PRO 2TB
固態硬碟 M.2｜SSD,三星 Samsung 990 PRO 4TB/Gen4 PCIe 4.0/讀:7450/寫:6900/五年保*星睿奇,12599,2024-03-12,三星 Samsung,4TB,SSD,7450.0,6900.0,Samsung 990,Samsung 990,4000.0,GB,三星 Samsung 990 PRO 4TB
固態硬碟 M.2｜SSD,三星 Samsung 990 PRO 1TB含散熱片/Gen4 PCIe 4.0/讀:7450/寫:6900/五年保*星睿奇,4049,2024-03-12,三星 Samsung,1TB,SSD,7450.0,6900.0,Samsung 990,Samsung 990,1000.0,GB,三星 Samsung 990 PRO 1TB
固態硬碟 M.2｜SSD,三星 Samsung 990 PRO 2TB含散熱片/Gen4 PCIe 4.0/讀:7450/寫:6900/五年保*星睿奇,5649,2024-03-12,三星 Samsung,2TB,SSD,7450.0,6900.0,Samsung 990,Samsung 990,2000.0,GB,三星 Samsung 990 PRO 2TB
固態硬碟 M.2｜SSD,三星 Samsung 990 PRO 4TB含散熱片/Gen4 PCIe 4.0/讀:7450/寫:6900/五年保*星睿奇,13099,2024-03-12,三星 Samsung,4TB,SSD,7450.0,6900.0,Samsung 990,Samsung 990,4000.0,GB,三星 Samsung 990 PRO 4TB
固態硬碟 M.2｜SSD,KLEVV CRAS C710 256G/Gen3/讀:1950M/寫:1250M/TLC/SLC(五年),588,2024-03-12,KLEVV CRAS C,,SSD,1950.0,1250.0,CRAS C710,CRAS C710,,,KLEVV CRAS C710 256G
固態硬碟 M.2｜SSD,KLEVV CRAS C710 512G/Gen3/讀:2050M/寫:1650M/TLC/SLC(五年),909,2024-03-12,KLEVV CRAS C,,SSD,2050.0,1650.0,CRAS C710,CRAS C710,,,KLEVV CRAS C710 512G
固態硬碟 M.2｜SSD,KLEVV CRAS C710 1TB/Gen3/讀:2050M/寫:1650M/TLC/SLC(五年),1359,2024-03-12,KLEVV CRAS C,1TB,SSD,2050.0,1650.0,CRAS C710,CRAS C710,1000.0,GB,KLEVV CRAS C710 1TB
固態硬碟 M.2｜SSD,威剛 ADATA LEGEND 710 256G/Gen3/讀:2100M/寫:1000M/QLC顆粒/三年保/贈散熱片,699,2024-03-12,威剛 ADATA LEGEND,,SSD,2100.0,1000.0,ADATA LEGEND 710,ADATA LEGEND 710,,,ADATA LEGEND 710
固態硬碟 M.2｜SSD,威剛 ADATA LEGEND 710 512G/Gen3/讀:2400M/寫:1000M/QLC顆粒/三年保/贈散熱片,1099,2024-03-12,威剛 ADATA LEGEND,,SSD,2400.0,1000.0,ADATA LEGEND 710,ADATA LEGEND 710,,,ADATA LEGEND 710
固態硬碟 M.2｜SSD,威剛 ADATA LEGEND 710 1TB/Gen3/讀:2400M/寫:1800M/QLC顆粒/三年保/贈散熱片,1699,2024-03-12,威剛 ADATA LEGEND,1TB,SSD,2400.0,1800.0,ADATA LEGEND 710,ADATA LEGEND 710,1000.0,GB,ADATA LEGEND 710
固態硬碟 M.2｜SSD,威剛 XPG SX6000 Lite 512G/Gen3/讀:1800M/寫:1200M/TLC 五年保 附XPG散熱片,899,2024-03-12,威剛 XPG SX,,SSD,1800.0,1200.0,XPG SX6000,XPG SX6000,,,威剛 XPG SX6000 Lite 512G
固態硬碟 M.2｜SSD,威剛 XPG SX8200Pro 512G/Gen3讀:3500M寫:2300M/SMI控/DRAM快取/五年/贈散熱片,1049,2024-03-12,威剛 XPG SX,,SSD,3500.0,2300.0,XPG SX8200Pro,XPG SX8200Pro,,,威剛 XPG SX8200Pro 512G
固態硬碟 M.2｜SSD,威剛 XPG SX8200Pro 1T/Gen3讀:3500M寫:3000M/SMI控/DRAM快取/五年/贈散熱片,1799,2024-03-12,威剛 XPG SX,,SSD,3500.0,3000.0,XPG SX8200Pro,XPG SX8200Pro,,,威剛 XPG SX8200Pro 1T
固態硬碟 M.2｜SSD,SK 海力士 Gold P31 500G/Gen3/讀:3500/寫:3200/DRAM快取(五年),1449,2024-03-12,SK 海力士 Gold P,,SSD,3500.0,3200.0,Gold P31,Gold P31,,,SK 海力士 Gold P31 500G
固態硬碟 M.2｜SSD,SK 海力士 Gold P31 1TB/Gen3/讀:3500/寫:3200/DRAM快取(五年),2499,2024-03-12,SK 海力士 Gold P,1TB,SSD,3500.0,3200.0,Gold P31,Gold P31,1000.0,GB,SK 海力士 Gold P31 1TB
固態硬碟 M.2｜SSD,SK 海力士 Gold P31 2TB/Gen3/讀:3500/寫:3100/DRAM快取(五年),4450,2024-03-12,SK 海力士 Gold P,2TB,SSD,3500.0,3100.0,Gold P31,Gold P31,2000.0,GB,SK 海力士 Gold P31 2TB
固態硬碟 M.2｜SSD,技嘉 Gen3 2500E 500G/讀:2300M/寫:1500M/QLC顆粒/三年保,990,2024-03-12,技嘉 Gen,,SSD,2300.0,1500.0,Gen3,Gen3,,,技嘉 Gen3 2500E
固態硬碟 M.2｜SSD,技嘉 Gen3 2500E 1TB/讀:2400M/寫:1800M/QLC顆粒/三年保,1990,2024-03-12,技嘉 Gen,1TB,SSD,2400.0,1800.0,Gen3,Gen3,1000.0,GB,技嘉 Gen3 2500E
固態硬碟 M.2｜SSD,美光Micron Crucial P3 1TB/Gen3/讀:3500M/寫:3000M/3D QLC顆粒/五年,1699,2024-03-12,美光Micron Crucial P,1TB,SSD,3500.0,3000.0,Crucial P3,Crucial P3,1000.0,GB,美光Micron Crucial P3 1TB
固態硬碟 M.2｜SSD,美光Micron Crucial P3 2TB/Gen3/讀:3500M/寫:3000M/3D QLC顆粒/五年,3388,2024-03-12,美光Micron Crucial P,2TB,SSD,3500.0,3000.0,Crucial P3,Crucial P3,2000.0,GB,美光Micron Crucial P3 2TB
固態硬碟 M.2｜SSD,美光Micron Crucial P3 4TB/Gen3/讀:3500M/寫:3000M/3D QLC顆粒/五年,6788,2024-03-12,美光Micron Crucial P,4TB,SSD,3500.0,3000.0,Crucial P3,Crucial P3,4000.0,GB,美光Micron Crucial P3 4TB
固態硬碟 M.2｜SSD,三星 Samsung 970 EVO Plus 500G/Gen3/讀:3500/寫:3200/TLC/五年保*星睿奇,2379,2024-03-12,三星 Samsung,,SSD,3500.0,3200.0,Samsung 970,Samsung 970,,,三星 Samsung 970 EVO Plus
固態硬碟 M.2｜SSD,三星 Samsung 970 EVO Plus 1TB//Gen3/讀:3500/寫:3300/TLC/五年保*星睿奇,3899,2024-03-12,三星 Samsung,1TB,SSD,3500.0,3300.0,Samsung 970,Samsung 970,1000.0,GB,三星 Samsung 970 EVO Plus 1TB
固態硬碟 M.2｜SSD,三星 Samsung 970 EVO Plus 2TB/Gen3/讀:3500/寫:3300/TLC/五年保*星睿奇,6899,2024-03-12,三星 Samsung,2TB,SSD,3500.0,3300.0,Samsung 970,Samsung 970,2000.0,GB,三星 Samsung 970 EVO Plus 2TB
固態硬碟 M.2｜SSD,三星 Samsung 980 500G/Gen3/讀:3500/寫:2600/TLC/五年保*星睿奇,1899,2024-03-12,三星 Samsung,,SSD,3500.0,2600.0,Samsung 980,Samsung 980,,,三星 Samsung 980 500G
固態硬碟 M.2｜SSD,三星 Samsung 980 1TB/Gen3/讀:3500/寫:3000/TLC/五年保*星睿奇,2499,2024-03-12,三星 Samsung,1TB,SSD,3500.0,3000.0,Samsung 980,Samsung 980,1000.0,GB,三星 Samsung 980
傳統內接硬碟 HDD,Toshiba 1TB【P300系列】 (64M/7200轉/三年保)(HDWD110UZSVA),1550,2024-03-12,Toshiba,1TB,HDD,,,Toshiba 1TB,Toshiba 1TB,1000.0,GB,Toshiba P300 1TB
傳統內接硬碟 HDD,Toshiba 2TB【P300系列】 (256M/7200轉/三年保)(HDWD320UZSVA),1950,2024-03-12,Toshiba,2TB,HDD,,,Toshiba 2TB,Toshiba 2TB,2000.0,GB,Toshiba P300 2TB
傳統內接硬碟 HDD,Toshiba 4TB【P300系列】 (128M/5400轉/三年保)(HDWD240UZSVA)▼下殺到 3/12 23:59,2899,2024-03-12,Toshiba,4TB,HDD,,,Toshiba 4TB,Toshiba 4TB,4000.0,GB,Toshiba P300 4TB
傳統內接硬碟 HDD,Toshiba 4TB【X300系列】高效能 (256M/7200轉/三年保)(HDWR440UZSVA),4190,2024-03-12,Toshiba,4TB,HDD,,,Toshiba 4TB,Toshiba 4TB,4000.0,GB,Toshiba 4TB X300系列高效能
傳統內接硬碟 HDD,Toshiba 6TB【X300系列】高效能 (256M/7200轉/三年保)(HDWR460UZSVA),5390,2024-03-12,Toshiba,6TB,HDD,,,Toshiba 6TB,Toshiba 6TB,6000.0,GB,Toshiba X300 6TB
傳統內接硬碟 HDD,Seagate 1TB【新梭魚】(64M/7200轉/三年保)(ST1000DM010),1590,2024-03-12,Seagate,1TB,HDD,,,Seagate 1TB,Seagate 1TB,1000.0,GB,Seagate 1TB【新梭魚】
傳統內接硬碟 HDD,Seagate 1TB【新梭魚】(256M/7200轉/三年保)(ST1000DM014),1690,2024-03-12,Seagate,1TB,HDD,,,Seagate 1TB,Seagate 1TB,1000.0,GB,Seagate 1TB【新梭魚】
傳統內接硬碟 HDD,Seagate 2TB【新梭魚】(256M/7200轉/三年保)(ST2000DM008),1980,2024-03-12,Seagate,2TB,HDD,,,Seagate 2TB,Seagate 2TB,2000.0,GB,Seagate 2TB【新梭魚】
傳統內接硬碟 HDD,Seagate 4TB【新梭魚】(256M/5400轉/三年保)(ST4000DM004),3220,2024-03-12,Seagate,4TB,HDD,,,Seagate 4TB,Seagate 4TB,4000.0,GB,Seagate 4TB【新梭魚】
傳統內接硬碟 HDD,Seagate 6TB【新梭魚】(256M/5400轉/三年保)(ST6000DM003),4990,2024-03-12,Seagate,6TB,HDD,,,Seagate 6TB,Seagate 6TB,6000.0,GB,Seagate 6TB【新梭魚】
傳統內接硬碟 HDD,Seagate 8TB【新梭魚】(256M/5400轉/三年保)(ST8000DM004),5700,2024-03-12,Seagate,8TB,HDD,,,Seagate 8TB,Seagate 8TB,8000.0,GB,Seagate 8TB【新梭魚】
傳統內接硬碟 HDD,Seagate 4TB【火梭魚】(256M/7200轉/五年保)(ST4000DX005)▼下殺到 3/21 23:59,4950,2024-03-12,Seagate,4TB,HDD,,,Seagate 4TB,Seagate 4TB,4000.0,GB,Seagate 4TB【火梭魚】(256M/7200轉/五年保)
傳統內接硬碟 HDD,Seagate 8TB【火梭魚】(256M/7200轉/五年保)(ST8000DX001)▼下殺到 3/21 23:59,7799,2024-03-12,Seagate,8TB,HDD,,,Seagate 8TB,Seagate 8TB,8000.0,GB,Seagate 8TB【火梭魚】(256M/7200轉/五年保)
傳統內接硬碟 HDD,WD 1TB【藍標】(64M/7200轉/三年保)(WD10EZEX),1590,2024-03-12,WD,1TB,HDD,,,WD 1TB,WD 1TB,1000.0,GB,WD 1TB【藍標】
傳統內接硬碟 HDD,WD 2TB【藍標】(256M/7200轉/三年保)(WD20EZBX),2050,2024-03-12,WD,2TB,HDD,,,WD 2TB,WD 2TB,2000.0,GB,WD 2TB【藍標】
傳統內接硬碟 HDD,WD 4TB【藍標】(256M/5400轉/三年保)(WD40EZAX),3250,2024-03-12,WD,4TB,HDD,,,WD 4TB,WD 4TB,4000.0,GB,WD 4TB【藍標】
傳統內接硬碟 HDD,WD 6TB【藍標】(256M/5400轉/三年保)(WD60EZAX),4950,2024-03-12,WD,6TB,HDD,,,WD 6TB,WD 6TB,6000.0,GB,WD 6TB【藍標】
傳統內接硬碟 HDD,WD 8TB【藍標】(128M/5640轉/三年保)(WD80EAZZ),5750,2024-03-12,WD,8TB,HDD,,,WD 8TB,WD 8TB,8000.0,GB,WD 8TB【藍標】
傳統內接硬碟 HDD,WD 1TB【黑標】(64M/7200轉/雙處理器/五年保)(WD1003FZEX),2750,2024-03-12,WD,1TB,HDD,,,WD 1TB,WD 1TB,1000.0,GB,WD 1TB【黑標】
傳統內接硬碟 HDD,WD 2TB【黑標】(64M/7200轉/雙處理器/五年保)(WD2003FZEX),4150,2024-03-12,WD,2TB,HDD,,,WD 2TB,WD 2TB,2000.0,GB,WD 2TB【黑標】
傳統內接硬碟 HDD,WD 4TB【黑標】(256M/7200轉/雙處理器/五年保)(WD4005FZBX),5600,2024-03-12,WD,4TB,HDD,,,WD 4TB,WD 4TB,4000.0,GB,WD 4TB【黑標】
傳統內接硬碟 HDD,WD 6TB【黑標】(128M/7200轉/雙處理器/五年保)(WD6004FZWX),7380,2024-03-12,WD,6TB,HDD,,,WD 6TB,WD 6TB,6000.0,GB,WD 6TB【黑標】
傳統內接硬碟 HDD,WD 10TB【黑標-電競級】(256M/7200轉/雙處理器/五年)(WD101FZBX),9500,2024-03-12,WD,10TB,HDD,,,WD 10TB,WD 10TB,10000.0,GB,WD 10TB【黑標-電競級】
傳統內接硬碟 HDD,Toshiba 1TB【S300系列】【監控碟】64MB/5700轉/三年保(HDWV110UZSVA),1550,2024-03-12,Toshiba,1TB,HDD,,,Toshiba 1TB,Toshiba 1TB,1000.0,GB,Toshiba 1TB S300系列
傳統內接硬碟 HDD,Toshiba 2TB【S300系列】【監控碟】128MB/5400轉/三年保(HDWT720UZSVA),1990,2024-03-12,Toshiba,2TB,HDD,,,Toshiba 2TB,Toshiba 2TB,2000.0,GB,Toshiba S300 2TB
傳統內接硬碟 HDD,Toshiba 4TB【S300系列】【監控碟】256MB/5400轉/三年保(HDWT840UZSVA),3150,2024-03-12,Toshiba,4TB,HDD,,,Toshiba 4TB,Toshiba 4TB,4000.0,GB,Toshiba S300 4TB
傳統內接硬碟 HDD,Toshiba 6TB【S300系列】【監控碟】256MB/5400轉/三年保(HDWT860UZSVA),4890,2024-03-12,Toshiba,6TB,HDD,,,Toshiba 6TB,Toshiba 6TB,6000.0,GB,Toshiba S300 6TB
傳統內接硬碟 HDD,Toshiba 8TB【S300 Pro系列】【監控碟】256MB/7200轉/三年保(HDWT380UZSVA),7490,2024-03-12,Toshiba,8TB,HDD,,,Toshiba 8TB,Toshiba 8TB,8000.0,GB,Toshiba S300 Pro HDWT380UZSVA
傳統內接硬碟 HDD,Toshiba 10TB【S300 Pro系列】【監控碟】256MB/7200轉/三年保(HDWT31AUZSVA),8290,2024-03-12,Toshiba,10TB,HDD,,,Toshiba 10TB,Toshiba 10TB,10000.0,GB,Toshiba S300 Pro 10TB
傳統內接硬碟 HDD,Seagate 6TB【監控鷹】(256M/5400轉/三年保/3年 Rescue)(ST6000VX009),5180,2024-03-12,Seagate,6TB,HDD,,,Seagate 6TB,Seagate 6TB,6000.0,GB,Seagate 6TB【監控鷹】
傳統內接硬碟 HDD,Seagate 10TB【監控鷹】(256M/7200轉/五年保/3年 Rescue)(ST10000VE001),8990,2024-03-12,Seagate,10TB,HDD,,,Seagate 10TB,Seagate 10TB,10000.0,GB,Seagate 10TB【監控鷹】
傳統內接硬碟 HDD,WD 2TB【紫標】64M/5040轉/三年保(WD23PURZ),1980,2024-03-12,WD,2TB,HDD,,,WD 2TB,WD 2TB,2000.0,GB,WD 2TB【紫標】64M
傳統內接硬碟 HDD,WD 8TB【紫標PRO】256M/7200轉/五年保(WD8001PURP),7350,2024-03-12,WD,8TB,HDD,,,WD 8TB,WD 8TB,8000.0,GB,WD 8TB【紫標PRO】256M/7200轉/五年保(WD8001PURP) -> WD 8TB【紫標PRO】256M
傳統內接硬碟 HDD,WD 10TB【紫標PRO】256M/7200轉/五年保(WD101PURP),8800,2024-03-12,WD,10TB,HDD,,,WD 10TB,WD 10TB,10000.0,GB,WD 10TB【紫標PRO】256M/7200轉/五年保(WD101PURP) -> WD 10TB【紫標PRO】
傳統內接硬碟 HDD,Toshiba 4TB【NAS碟】256M/7200轉/三年保(HDWG440AZSTA),4390,2024-03-12,Toshiba,4TB,HDD,,,Toshiba 4TB,Toshiba 4TB,4000.0,GB,Toshiba 4TB【NAS碟】256M/7200轉/三年保
傳統內接硬碟 HDD,Toshiba 8TB【NAS碟】256M/7200轉/三年保(HDWG480AZSTA),7390,2024-03-12,Toshiba,8TB,HDD,,,Toshiba 8TB,Toshiba 8TB,8000.0,GB,Toshiba HDWG480AZSTA
傳統內接硬碟 HDD,Toshiba 10TB【NAS碟】256M/7200轉/三年保(HDWG11AAZSTA),8450,2024-03-12,Toshiba,10TB,HDD,,,Toshiba 10TB,Toshiba 10TB,10000.0,GB,Toshiba 10TB【NAS碟】256M/7200轉/三年保(HDWG11AAZSTA) -> Toshiba 10TB【NAS碟】256M/7200轉
傳統內接硬碟 HDD,Toshiba 16TB【NAS碟】512M/7200轉/三年保(HDWG31GAZSTA),13990,2024-03-12,Toshiba,16TB,HDD,,,Toshiba 16TB,Toshiba 16TB,16000.0,GB,Toshiba 16TB【NAS碟】512M/7200轉/三年保(HDWG31GAZSTA) -> Toshiba 16TB【NAS碟】
傳統內接硬碟 HDD,Toshiba 18TB【NAS碟】512M/7200轉/三年保(HDWG51JAZSTA)▼下殺到 3/12 23:59,12888,2024-03-12,Toshiba,18TB,HDD,,,Toshiba 18TB,Toshiba 18TB,18000.0,GB,Toshiba 18TB【NAS碟】512M/7200轉/三年保(HDWG51JAZSTA)
傳統內接硬碟 HDD,Seagate 4TB【那嘶狼】256M/5400轉/三年保/3年 Rescue(ST4000VN006),3750,2024-03-12,Seagate,4TB,HDD,,,Seagate 4TB,Seagate 4TB,4000.0,GB,Seagate 4TB【那嘶狼】256M/5400轉/三年保/3年 Rescue(ST4000VN006) -> Seagate 4TB【那嘶狼】256M
傳統內接硬碟 HDD,Seagate 6TB【那嘶狼】256M/5400轉/三年保/3年 Rescue(ST6000VN001),5950,2024-03-12,Seagate,6TB,HDD,,,Seagate 6TB,Seagate 6TB,6000.0,GB,Seagate 6TB【那嘶狼】256M/5400轉/三年保/3年 Rescue(ST6000VN001) -> Seagate 6TB【那嘶狼】256M
傳統內接硬碟 HDD,Seagate 8TB【那嘶狼】256M/7200轉/三年保/3年 Rescue(ST8000VN004),7090,2024-03-12,Seagate,8TB,HDD,,,Seagate 8TB,Seagate 8TB,8000.0,GB,Seagate 8TB【那嘶狼】256M/7200轉/三年保/3年 Rescue(ST8000VN004) -> Seagate 8TB【那嘶狼】256M/7200轉/三年保
傳統內接硬碟 HDD,Seagate 10TB【那嘶狼】256M/7200轉/三年保/3年 Rescue(ST10000VN000),8790,2024-03-12,Seagate,10TB,HDD,,,Seagate 10TB,Seagate 10TB,10000.0,GB,Seagate 10TB【那嘶狼】256M/7200轉/三年保/3年 Rescue(ST10000VN000) -> Seagate 10TB【那嘶狼】256M
傳統內接硬碟 HDD,Seagate 12TB【那嘶狼】256M/7200轉/三年保3年 Rescue(ST12000VN0008)▼下殺到 3/21 23:59,9399,2024-03-12,Seagate,12TB,HDD,,,Seagate 12TB,Seagate 12TB,12000.0,GB,Seagate 12TB【那嘶狼】256M/7200轉/三年保3年 Rescue(ST12000VN0008)
傳統內接硬碟 HDD,Seagate 4TB【那嘶狼 PRO】256M/7200轉/五年保/3年 Rescue(ST4000NE001),4950,2024-03-12,Seagate,4TB,HDD,,,Seagate 4TB,Seagate 4TB,4000.0,GB,Seagate 4TB【那嘶狼 PRO】256M/7200轉/五年保/3年 Rescue(ST4000NE001) -> Seagate 4TB【那嘶狼 PRO】
傳統內接硬碟 HDD,Seagate 4TB【那嘶狼 PRO】256M/7200轉/五年保/3年 Rescue(ST4000NT001),5250,2024-03-12,Seagate,4TB,HDD,,,Seagate 4TB,Seagate 4TB,4000.0,GB,Seagate 4TB【那嘶狼 PRO】256M/7200轉/五年保/3年 Rescue(ST4000NT001) -> Seagate 4TB【那嘶狼 PRO】
傳統內接硬碟 HDD,Seagate 6TB【那嘶狼 PRO】256M/7200轉/五年保/3年 Rescue(ST6000NT001),7500,2024-03-12,Seagate,6TB,HDD,,,Seagate 6TB,Seagate 6TB,6000.0,GB,Seagate 6TB【那嘶狼 PRO】256M/7200轉/五年保/3年 Rescue
傳統內接硬碟 HDD,Seagate 8TB【那嘶狼 PRO】256M/7200轉/五年保/3年 Rescue(ST8000NT001)▼下殺到 3/21 23:59,7190,2024-03-12,Seagate,8TB,HDD,,,Seagate 8TB,Seagate 8TB,8000.0,GB,Seagate 8TB【那嘶狼 PRO】256M/7200轉/五年保/3年 Rescue(ST8000NT001)
傳統內接硬碟 HDD,Seagate 10TB【那嘶狼 PRO】256M/7200轉/五年保/3年 Rescue(ST10000NT001),10500,2024-03-12,Seagate,10TB,HDD,,,Seagate 10TB,Seagate 10TB,10000.0,GB,Seagate 10TB【那嘶狼 PRO】256M/7200轉/五年保/3年 Rescue(ST10000NT001) -> Seagate 10TB【那嘶狼 PRO】
傳統內接硬碟 HDD,Seagate 16TB【那嘶狼 PRO】256M/7200轉/五年/3年 Rescue(ST16000NE000),12500,2024-03-12,Seagate,16TB,HDD,,,Seagate 16TB,Seagate 16TB,16000.0,GB,Seagate 16TB【那嘶狼 PRO】256M/7200轉/五年/3年 Rescue(ST16000NE000) -> Seagate 16TB【那嘶狼 PRO】
傳統內接硬碟 HDD,Seagate 16TB【那嘶狼 PRO】256M/7200轉/五年/3年 Rescue(ST16000NT001),12500,2024-03-12,Seagate,16TB,HDD,,,Seagate 16TB,Seagate 16TB,16000.0,GB,Seagate 16TB【那嘶狼 PRO】256M/7200轉/五年/3年 Rescue(ST16000NT001) -> Seagate 16TB【那嘶狼 PRO】
傳統內接硬碟 HDD,Seagate 20TB【那嘶狼 PRO】256M/7200轉/五年/3年 Rescue(ST20000NT001),16200,2024-03-12,Seagate,20TB,HDD,,,Seagate 20TB,Seagate 20TB,20000.0,GB,Seagate 20TB【那嘶狼 PRO】256M/7200轉/五年/3年 Rescue(ST20000NT001) -> Seagate 20TB【那嘶狼 PRO】
傳統內接硬碟 HDD,Seagate 22TB【那嘶狼 PRO】512M/7200轉/五年/3年 Rescue(ST22000NT001),19990,2024-03-12,Seagate,22TB,HDD,,,Seagate 22TB,Seagate 22TB,22000.0,GB,Seagate 22TB【那嘶狼 PRO】512M/7200轉/五年/3年 Rescue(ST22000NT001) -> Seagate 22TB【那嘶狼 PRO】
傳統內接硬碟 HDD,WD 2TB【紅標Plus】64M/5400轉/三年保(WD20EFPX),2880,2024-03-12,WD,2TB,HDD,,,WD 2TB,WD 2TB,2000.0,GB,WD 2TB【紅標Plus】64M/5400轉/三年保(WD20EFPX) -> WD 2TB【紅標Plus】
傳統內接硬碟 HDD,WD 4TB【紅標Plus】256M/5400轉/三年保(WD40EFPX),3900,2024-03-12,WD,4TB,HDD,,,WD 4TB,WD 4TB,4000.0,GB,WD 4TB【紅標Plus】256M/5400轉/三年保(WD40EFPX) -> WD 4TB【紅標Plus】256M
傳統內接硬碟 HDD,WD 8TB【紅標Plus】128M/5640轉/三年保(WD80EFZZ),6800,2024-03-12,WD,8TB,HDD,,,WD 8TB,WD 8TB,8000.0,GB,WD 8TB【紅標Plus】128M
傳統內接硬碟 HDD,WD 8TB【紅標Plus】256M/5640轉/三年保(WD80EFPX)▼下殺到 3/22 23:59,5990,2024-03-12,WD,8TB,HDD,,,WD 8TB,WD 8TB,8000.0,GB,WD 8TB【紅標Plus】256M/5640轉/三年保(WD80EFPX)
傳統內接硬碟 HDD,WD 10TB【紅標Plus】256M/7200轉/三年保(WD101EFBX),7080,2024-03-12,WD,10TB,HDD,,,WD 10TB,WD 10TB,10000.0,GB,WD 10TB【紅標Plus】256M/7200轉/三年保(WD101EFBX) -> WD 10TB【紅標Plus】
傳統內接硬碟 HDD,Toshiba 2TB【企業級】128MB/7200轉/五年保(MG04ACA200E),4700,2024-03-12,Toshiba,2TB,HDD,,,Toshiba 2TB,Toshiba 2TB,2000.0,GB,Toshiba MG04ACA200E
傳統內接硬碟 HDD,Toshiba 8TB【企業級】256MB/7200轉/五年保(MG08ADA800E),7888,2024-03-12,Toshiba,8TB,HDD,,,Toshiba 8TB,Toshiba 8TB,8000.0,GB,Toshiba MG08ADA800E
傳統內接硬碟 HDD,Toshiba 10TB【企業級】256MB/7200轉/五年保(MG06ACA10TE),9330,2024-03-12,Toshiba,10TB,HDD,,,Toshiba 10TB,Toshiba 10TB,10000.0,GB,Toshiba MG06ACA10TE
傳統內接硬碟 HDD,Toshiba 16TB【企業級】512MB/7200轉/五年保(MG08ACA16TE),13200,2024-03-12,Toshiba,16TB,HDD,,,Toshiba 16TB,Toshiba 16TB,16000.0,GB,Toshiba MG08ACA16TE
傳統內接硬碟 HDD,Toshiba 18TB【企業級】512MB/7200轉/五年保(MG09ACA18TE),15700,2024-03-12,Toshiba,18TB,HDD,,,Toshiba 18TB,Toshiba 18TB,18000.0,GB,Toshiba MG09ACA18TE
傳統內接硬碟 HDD,Seagate 8TB【EXOS企業碟】256MB/7200轉/五年保(ST8000NM017B),8700,2024-03-12,Seagate,8TB,HDD,,,Seagate 8TB,Seagate 8TB,8000.0,GB,Seagate 8TB【EXOS企業碟】256MB/7200轉/五年保(ST8000NM017B) -> Seagate 8TB【EXOS企業碟】
傳統內接硬碟 HDD,Seagate 16TB【EXOS企業碟】256MB/7200轉/五年保(ST16000NM000J),12300,2024-03-12,Seagate,16TB,HDD,,,Seagate 16TB,Seagate 16TB,16000.0,GB,Seagate EXOS ST16000NM000J
傳統內接硬碟 HDD,Seagate 20TB【EXOS企業碟】256MB/7200轉/五年保(ST20000NM007D),17900,2024-03-12,Seagate,20TB,HDD,,,Seagate 20TB,Seagate 20TB,20000.0,GB,Seagate EXOS ST20000NM007D
傳統內接硬碟 HDD,Seagate 22TB【EXOS企業碟】512MB/7200轉/五年保(ST22000NM001E) 客訂,21200,2024-03-12,Seagate,22TB,HDD,,,Seagate 22TB,Seagate 22TB,22000.0,GB,Seagate EXOS ST22000NM001E
傳統內接硬碟 HDD,WD 4TB【Ultrastar DC HC310】256MB/7200轉(HUS726T4TALA6L4),4950,2024-03-12,WD,4TB,HDD,,,WD 4TB,WD 4TB,4000.0,GB,WD 4TB Ultrastar DC HC310
傳統內接硬碟 HDD,WD 8TB【Ultrastar DC HC320】256MB/7200轉(HUS728T8TALE6L4),7200,2024-03-12,WD,8TB,HDD,,,WD 8TB,WD 8TB,8000.0,GB,WD Ultrastar DC HC320
傳統內接硬碟 HDD,WD 12TB【Ultrastar DC HC520】256MB/7200轉(HUH721212ALE604),9900,2024-03-12,WD,12TB,HDD,,,WD 12TB,WD 12TB,12000.0,GB,WD Ultrastar DC HC520
傳統內接硬碟 HDD,WD 20TB【Ultrastar DC HC560】512MB/7200轉(WUH722020ALE6L4),15990,2024-03-12,WD,20TB,HDD,,,WD 20TB,WD 20TB,20000.0,GB,WD Ultrastar DC HC560
傳統內接硬碟 HDD,WD 1TB【金標】128MB/7200轉/五年保(WD1005FBYZ),2900,2024-03-12,WD,1TB,HDD,,,WD 1TB,WD 1TB,1000.0,GB,WD 1TB【金標】128MB/7200轉/五年保(WD1005FBYZ) -> WD 1TB【金標】128MB
傳統內接硬碟 HDD,WD 2TB【金標】128MB/7200轉/五年保(WD2005FBYZ),4100,2024-03-12,WD,2TB,HDD,,,WD 2TB,WD 2TB,2000.0,GB,WD 2TB【金標】128MB/7200轉/五年保(WD2005FBYZ) -> WD 2TB【金標】128MB/7200轉
傳統內接硬碟 HDD,WD 4TB【金標】256MB/7200轉/五年保(WD4003FRYZ),5200,2024-03-12,WD,4TB,HDD,,,WD 4TB,WD 4TB,4000.0,GB,WD 4TB【金標】256MB/7200轉/五年保(WD4003FRYZ) -> WD 4TB【金標】256MB/7200轉/五年保
傳統內接硬碟 HDD,WD 6TB【金標】256MB/7200轉/五年保(WD6003FRYZ),6600,2024-03-12,WD,6TB,HDD,,,WD 6TB,WD 6TB,6000.0,GB,WD 6TB【金標】256MB/7200轉/五年保(WD6003FRYZ) -> WD 6TB【金標】256MB/7200轉/五年保
傳統內接硬碟 HDD,WD 8TB【金標】256MB/7200轉/五年保(WD8004FRYZ),7288,2024-03-12,WD,8TB,HDD,,,WD 8TB,WD 8TB,8000.0,GB,WD 8TB【金標】256MB/7200轉/五年保(WD8004FRYZ) -> WD 8TB【金標】256MB/7200轉/五年保
傳統內接硬碟 HDD,WD 10TB【金標】256MB/7200轉/五年保(WD102KRYZ),7990,2024-03-12,WD,10TB,HDD,,,WD 10TB,WD 10TB,10000.0,GB,WD 10TB【金標】256MB/7200轉/五年保(WD102KRYZ) -> WD 10TB【金標】256MB/7200轉/五年保
傳統內接硬碟 HDD,WD 12TB【金標】256MB/7200轉/五年保(WD121KRYZ),9300,2024-03-12,WD,12TB,HDD,,,WD 12TB,WD 12TB,12000.0,GB,WD 12TB【金標】256MB/7200轉/五年保(WD121KRYZ) -> WD 12TB【金標】256MB/7200轉/五年保
傳統內接硬碟 HDD,WD 16TB【金標】512MB/7200轉/五年保(WD161KRYZ),12490,2024-03-12,WD,16TB,HDD,,,WD 16TB,WD 16TB,16000.0,GB,WD 16TB【金標】512MB/7200轉/五年保(WD161KRYZ) -> WD 16TB【金標】512MB/7200轉
傳統內接硬碟 HDD,Toshiba 1TB (2.5吋/5400轉/128M/7mm/二年保)(MQ04ABF100),1900,2024-03-12,Toshiba,1TB,HDD,,,Toshiba 1TB,Toshiba 1TB,1000.0,GB,Toshiba 1TB MQ04ABF100
傳統內接硬碟 HDD,Toshiba 2TB (2.5吋/5400轉/128M/9.5mm/二年保)(MQ04ABD200),2450,2024-03-12,Toshiba,2TB,HDD,,,Toshiba 2TB,Toshiba 2TB,2000.0,GB,Toshiba 2TB (MQ04ABD200)
傳統內接硬碟 HDD,Seagate 1TB【新梭魚】(2.5吋/5400轉/128M/7mm/二年保)(ST1000LM048),1650,2024-03-12,Seagate,1TB,HDD,,,Seagate 1TB,Seagate 1TB,1000.0,GB,Seagate 1TB【新梭魚】
傳統內接硬碟 HDD,Seagate 2TB【新梭魚】(2.5吋/5400轉/128M/7mm/二年保)(ST2000LM015),2990,2024-03-12,Seagate,2TB,HDD,,,Seagate 2TB,Seagate 2TB,2000.0,GB,Seagate 2TB【新梭魚】
傳統內接硬碟 HDD,Seagate 1TB【新梭魚 Pro】(2.5吋/7200轉/128M/7mm/五年保)(ST1000LM049),2100,2024-03-12,Seagate,1TB,HDD,,,Seagate 1TB,Seagate 1TB,1000.0,GB,Seagate 1TB【新梭魚 Pro】
傳統內接硬碟 HDD,WD 1TB【藍標】(2.5吋/5400轉/128M/7mm/三年保)(WD10SPZX),1750,2024-03-12,WD,1TB,HDD,,,WD 1TB,WD 1TB,1000.0,GB,WD 1TB【藍標】
傳統內接硬碟 HDD,WD 1TB【黑標】(2.5吋/7200轉/64M/7mm/五年保)(WD10SPSX),2100,2024-03-12,WD,1TB,HDD,,,WD 1TB,WD 1TB,1000.0,GB,WD 1TB【黑標】
